# SQL Manager 2005 Lite for MySQL 3.6.5.1
# ---------------------------------------
# Host     : localhost
# Port     : 3306
# Database : fseye


/*!40101 SET @OLD_CHARACTER_SET_CLIENT=@@CHARACTER_SET_CLIENT */;
/*!40101 SET @OLD_CHARACTER_SET_RESULTS=@@CHARACTER_SET_RESULTS */;
/*!40101 SET @OLD_COLLATION_CONNECTION=@@COLLATION_CONNECTION */;
/*!40101 SET NAMES gb2312 */;

SET FOREIGN_KEY_CHECKS=0;

DROP DATABASE IF EXISTS `fseye`;

CREATE DATABASE `fseye`
    CHARACTER SET 'gb2312'
    COLLATE 'gb2312_chinese_ci';

USE `fseye`;

#
# Structure for the `account_info` table : 
#

DROP TABLE IF EXISTS `account_info`;

CREATE TABLE `account_info` (
  `Id` int(11) NOT NULL auto_increment,
  `name` varchar(50) default NULL,
  `password` varchar(50) default NULL,
  PRIMARY KEY  (`Id`),
  UNIQUE KEY `name` (`name`)
) ENGINE=MyISAM DEFAULT CHARSET=gb2312;

#
# Structure for the `ace` table : 
#

DROP TABLE IF EXISTS `ace`;

CREATE TABLE `ace` (
  `ACE_ID` int(11) NOT NULL auto_increment,
  `OBJECT_ID` int(11) default NULL,
  `OPERATOR_ID` int(11) default NULL,
  `OPERATION` int(11) default NULL,
  PRIMARY KEY  (`ACE_ID`)
) ENGINE=MyISAM AUTO_INCREMENT=47069 DEFAULT CHARSET=gb2312;

#
# Structure for the `batch_task` table : 
#

DROP TABLE IF EXISTS `batch_task`;

CREATE TABLE `batch_task` (
  `Id` int(11) NOT NULL default '0',
  `automation` blob,
  `step` int(6) default NULL,
  `server_ids` blob,
  PRIMARY KEY  (`Id`)
) ENGINE=MyISAM DEFAULT CHARSET=gb2312;

#
# Structure for the `fseye_object` table : 
#

DROP TABLE IF EXISTS `fseye_object`;

CREATE TABLE `fseye_object` (
  `ID` int(11) NOT NULL auto_increment,
  `OWNER` int(11) default NULL,
  `PARENT_ID` int(11) default NULL,
  `NAME` varchar(50) default NULL,
  `COMMENT` varchar(50) default NULL,
  PRIMARY KEY  (`ID`)
) ENGINE=MyISAM AUTO_INCREMENT=1447 DEFAULT CHARSET=gb2312;

#
# Structure for the `game_log` table : 
#

DROP TABLE IF EXISTS `game_log`;

CREATE TABLE `game_log` (
  `ID` int(11) NOT NULL auto_increment,
  `GAME_SERVER_ID` int(11) default NULL,
  `LOG_DATE` date default NULL,
  `TOTAL_MONEY` bigint(20) default NULL,
  `TOTAL_MONEY_IN_BOX` bigint(20) default NULL,
  PRIMARY KEY  (`ID`)
) ENGINE=MyISAM DEFAULT CHARSET=gb2312;

#
# Structure for the `game_server` table : 
#

DROP TABLE IF EXISTS `game_server`;

CREATE TABLE `game_server` (
  `id` int(11) NOT NULL default '0',
  `net_address` varchar(20) default NULL,
  `game_dir` varchar(100) default NULL,
  `lord_port` int(11) default NULL,
  `max_player` int(11) default NULL,
  `intranet_mask` varchar(20) default NULL,
  `internet_mask` varchar(20) default NULL,
  `paysys_ip` varchar(20) default NULL,
  `paysys_port` int(11) default NULL,
  `paysys_login_name` varchar(20) default NULL,
  `paysys_login_pwd` varchar(100) default NULL,
  `db_host` varchar(20) default NULL,
  `db_name` varchar(20) default NULL,
  `db_login_name` varchar(20) default NULL,
  `db_login_pwd` varchar(100) default NULL,
  `db_backup_dir` varchar(100) default NULL,
  `fseye_ip` varchar(20) default NULL,
  `fseye_port` int(11) default NULL,
  `has_been_config_guard` int(11) default NULL,
  `server_type` int(11) default NULL,
  `ConfigString` text,
  `FtpServer` int(11) default NULL,
  `gmc_ip` varchar(50) default NULL,
  `gmc_account` varchar(50) default NULL,
  PRIMARY KEY  (`id`)
) ENGINE=MyISAM DEFAULT CHARSET=gb2312;

#
# Structure for the `gm_op_log` table : 
#

DROP TABLE IF EXISTS `gm_op_log`;

CREATE TABLE `gm_op_log` (
  `Id` int(11) NOT NULL auto_increment,
  `user_id` int(11) default '0',
  `operation` int(6) default NULL,
  `target` blob,
  `server_id` int(11) default '0',
  `description` blob,
  `log_time` datetime default NULL,
  `target_type` int(6) default NULL,
  PRIMARY KEY  (`Id`)
) ENGINE=MyISAM DEFAULT CHARSET=gb2312;

#
# Structure for the `ibshop` table : 
#

DROP TABLE IF EXISTS `ibshop`;

CREATE TABLE `ibshop` (
  `id` int(11) NOT NULL auto_increment,
  `time_stamp` datetime default NULL,
  `script` blob,
  PRIMARY KEY  (`id`),
  UNIQUE KEY `id` (`id`)
) ENGINE=MyISAM DEFAULT CHARSET=gb2312;

#
# Structure for the `player_count` table : 
#

DROP TABLE IF EXISTS `player_count`;

CREATE TABLE `player_count` (
  `SERVER_ID` int(11) NOT NULL default '0',
  `RECORD_TIME` timestamp NOT NULL default CURRENT_TIMESTAMP on update CURRENT_TIMESTAMP,
  `MAX_PLAYER_COUNT` int(6) NOT NULL default '0',
  `MIN_PLAYER_COUNT` int(6) NOT NULL default '0',
  `AVERAGE_PLAYER_COUNT` int(6) NOT NULL default '0',
  PRIMARY KEY  (`SERVER_ID`,`RECORD_TIME`)
) ENGINE=MyISAM DEFAULT CHARSET=gb2312;

#
# Structure for the `scheduled_task` table : 
#

DROP TABLE IF EXISTS `scheduled_task`;

CREATE TABLE `scheduled_task` (
  `ID` int(11) NOT NULL default '0',
  `TASKDATA` blob NOT NULL,
  PRIMARY KEY  (`ID`)
) ENGINE=MyISAM DEFAULT CHARSET=gb2312;

#
# Structure for the `server_event` table : 
#

DROP TABLE IF EXISTS `server_event`;

CREATE TABLE `server_event` (
  `server_id` int(11) NOT NULL default '0',
  `event_time` datetime NOT NULL default '0000-00-00 00:00:00',
  `event_type` int(6) default NULL,
  PRIMARY KEY  (`server_id`,`event_time`)
) ENGINE=MyISAM DEFAULT CHARSET=gb2312;

#
# Structure for the `server_group` table : 
#

DROP TABLE IF EXISTS `server_group`;

CREATE TABLE `server_group` (
  `ID` int(11) NOT NULL default '0',
  `TYPE` int(11) NOT NULL default '0',
  `GroupEnable` tinyint(4) NOT NULL default '0' COMMENT 'close,open,merge',
  PRIMARY KEY  (`ID`)
) ENGINE=MyISAM DEFAULT CHARSET=gb2312;

#
# Structure for the `server_map` table : 
#

DROP TABLE IF EXISTS `server_map`;

CREATE TABLE `server_map` (
  `ID` int(11) NOT NULL default '0',
  `parent_id` int(11) default NULL,
  `name` varchar(50) default NULL,
  `map_type` int(11) default NULL,
  `map_index` int(11) default NULL,
  `flag` int(11) default NULL,
  `map_server_id` int(11) default NULL,
  PRIMARY KEY  (`ID`)
) ENGINE=MyISAM DEFAULT CHARSET=gb2312;

#
# Structure for the `server_operation_log` table : 
#

DROP TABLE IF EXISTS `server_operation_log`;

CREATE TABLE `server_operation_log` (
  `operation_id` bigint(20) NOT NULL default '0',
  `user_id` int(11) default NULL,
  `server_or_group` int(6) default NULL,
  `target_id` int(11) NOT NULL default '0',
  `operation_type` int(6) default NULL,
  `operation_result` int(6) default NULL,
  `description` text,
  `log_time` datetime NOT NULL default '0000-00-00 00:00:00',
  `id` bigint(20) NOT NULL auto_increment,
  `fatherRegion` varchar(20) default NULL,
  PRIMARY KEY  (`id`)
) ENGINE=MyISAM AUTO_INCREMENT=201 DEFAULT CHARSET=gb2312;

#
# Structure for the `server_plugin` table : 
#

DROP TABLE IF EXISTS `server_plugin`;

CREATE TABLE `server_plugin` (
  `ID` int(11) NOT NULL auto_increment,
  `GAME_SERVER_ID` int(11) NOT NULL default '-1',
  `PLUGIN_GUID` varchar(50) NOT NULL default '',
  `PARAMETER_1` int(6) default '0',
  `PARAMETER_2` int(6) default '0',
  `PARAMETER_3` varchar(50) default NULL,
  `PlugIn_Name` varchar(50) default NULL,
  PRIMARY KEY  (`ID`)
) ENGINE=MyISAM DEFAULT CHARSET=gb2312;

#
# Structure for the `strategy` table : 
#

DROP TABLE IF EXISTS `strategy`;

CREATE TABLE `strategy` (
  `ID` int(11) NOT NULL default '0',
  `EVENT` int(11) NOT NULL default '0',
  `AUTOMATION` blob NOT NULL,
  `ENABLED` int(6) NOT NULL default '0',
  PRIMARY KEY  (`ID`)
) ENGINE=MyISAM DEFAULT CHARSET=gb2312;

#
# Structure for the `system_log` table : 
#

DROP TABLE IF EXISTS `system_log`;

CREATE TABLE `system_log` (
  `ID` int(10) unsigned NOT NULL auto_increment,
  `OPERATOR` int(10) unsigned NOT NULL default '0',
  `OPERATION` int(10) unsigned NOT NULL default '0',
  `TARGET` int(10) unsigned NOT NULL default '0',
  `DESCRIPTION` blob NOT NULL,
  `LOGTIME` timestamp NOT NULL default CURRENT_TIMESTAMP,
  PRIMARY KEY  (`ID`)
) ENGINE=MyISAM AUTO_INCREMENT=1150 DEFAULT CHARSET=gb2312;

#
# Structure for the `update_server` table : 
#

DROP TABLE IF EXISTS `update_server`;

CREATE TABLE `update_server` (
  `ID` int(11) NOT NULL auto_increment,
  `FTP_ADDRESS` varchar(20) default NULL,
  `PORT` int(6) default '21',
  `USERNAME` varchar(50) default NULL,
  `PASSWORD` varchar(50) default NULL,
  `LITERAL` varchar(50) default NULL,
  PRIMARY KEY  (`ID`)
) ENGINE=MyISAM AUTO_INCREMENT=121 DEFAULT CHARSET=gb2312;

#
# Structure for the `user` table : 
#

DROP TABLE IF EXISTS `user`;

CREATE TABLE `user` (
  `ID` int(11) NOT NULL default '0',
  `USER_NAME` varchar(20) default NULL,
  `REAL_NAME` varchar(20) default NULL,
  `PASSWORD` varchar(50) default NULL,
  PRIMARY KEY  (`ID`),
  UNIQUE KEY `USER_NAME` (`USER_NAME`)
) ENGINE=MyISAM DEFAULT CHARSET=gb2312;

#
# Structure for the `user_group` table : 
#

DROP TABLE IF EXISTS `user_group`;

CREATE TABLE `user_group` (
  `ID` int(11) NOT NULL default '0',
  `GROUP_NAME` varchar(20) default NULL,
  PRIMARY KEY  (`ID`),
  UNIQUE KEY `GROUP_NAME` (`GROUP_NAME`)
) ENGINE=MyISAM DEFAULT CHARSET=gb2312;

#
# Structure for the `user_in_group` table : 
#

DROP TABLE IF EXISTS `user_in_group`;

CREATE TABLE `user_in_group` (
  `USER_ID` int(11) NOT NULL default '0',
  `GROUP_ID` int(11) NOT NULL default '0',
  `ESTABLISH_DATETIME` datetime default NULL,
  PRIMARY KEY  (`USER_ID`,`GROUP_ID`)
) ENGINE=MyISAM DEFAULT CHARSET=gb2312;

#
# Data for the `ace` table  (LIMIT 0,500)
#

INSERT INTO `ace` (`ACE_ID`, `OBJECT_ID`, `OPERATOR_ID`, `OPERATION`) VALUES 
  (38698,1,136,7),
  (38705,2,136,7),
  (38712,3,136,7),
  (38719,4,136,7),
  (38775,5,136,7),
  (38726,6,136,7),
  (38796,7,136,7),
  (38803,8,136,7),
  (39826,950,136,7),
  (40529,10,136,7),
  (40536,11,136,7),
  (40543,12,136,7),
  (40550,13,136,7),
  (38782,14,136,7),
  (38789,15,136,7),
  (40587,16,136,7),
  (40594,17,136,7),
  (40601,18,136,7),
  (40608,19,136,7),
  (40615,20,136,7),
  (40622,21,136,7),
  (40629,22,136,7),
  (40636,23,136,7),
  (40643,24,136,7),
  (40650,25,136,7),
  (40657,26,136,7),
  (40664,27,136,7),
  (40671,28,136,7),
  (40678,29,136,7),
  (40685,30,136,7),
  (40692,31,136,7),
  (40706,32,136,7),
  (40713,33,136,7),
  (40720,34,136,7),
  (40727,35,136,7),
  (40734,36,136,7),
  (40741,37,136,7),
  (40748,38,136,7),
  (40811,39,136,7),
  (40818,40,136,7),
  (40825,41,136,7),
  (40832,42,136,7),
  (40839,43,136,7),
  (40846,44,136,7),
  (40853,45,136,7),
  (40944,46,136,7),
  (40951,47,136,7),
  (40958,48,136,7),
  (40965,49,136,7),
  (40972,50,136,7),
  (40979,51,136,7),
  (40986,52,136,7),
  (40993,53,136,7),
  (41000,54,136,7),
  (41007,55,136,7),
  (41014,56,136,7),
  (41021,57,136,7),
  (41028,58,136,7),
  (41056,59,136,7),
  (41063,60,136,7),
  (41070,61,136,7),
  (41077,62,136,7),
  (41084,63,136,7),
  (41091,64,136,7),
  (41098,65,136,7),
  (41105,66,136,7),
  (41112,67,136,7),
  (41119,68,136,7),
  (41126,69,136,7),
  (41133,70,136,7),
  (41140,71,136,7),
  (41147,72,136,7),
  (40557,73,136,7),
  (40564,74,136,7),
  (39825,950,691,7),
  (41154,76,136,7),
  (40699,77,136,7),
  (40860,78,136,7),
  (40867,79,136,7),
  (40874,80,136,7),
  (40881,81,136,7),
  (40888,82,136,7),
  (40895,83,136,7),
  (40902,84,136,7),
  (40909,85,136,7),
  (40916,86,136,7),
  (40755,87,136,7),
  (40762,88,136,7),
  (40769,89,136,7),
  (40776,90,136,7),
  (40783,91,136,7),
  (40790,92,136,7),
  (40797,93,136,7),
  (40804,94,136,7),
  (41035,95,136,7),
  (41042,96,136,7),
  (41049,97,136,7),
  (41172,98,136,7),
  (41179,99,136,7),
  (41186,100,136,7),
  (41193,101,136,7),
  (41200,102,136,7),
  (41207,103,136,7),
  (40923,104,136,7),
  (40930,105,136,7),
  (40937,106,136,7),
  (41161,107,136,7),
  (40576,108,136,7),
  (47026,1440,136,7),
  (40234,934,136,7),
  (47033,1441,136,7),
  (46802,1414,6,7),
  (40282,941,136,7),
  (46801,1414,137,7),
  (47019,1439,136,7),
  (46800,1414,132,7),
  (47018,1439,132,7),
  (47032,1441,132,7),
  (40568,120,134,7),
  (47061,1445,136,7),
  (46913,1427,132,7),
  (47068,1446,136,7),
  (39866,952,136,7),
  (47054,1444,136,7),
  (47053,1444,132,7),
  (47012,1438,136,7),
  (40002,906,136,7),
  (38733,132,136,7),
  (38732,132,132,7),
  (38697,1,132,7),
  (38704,2,132,7),
  (38703,2,137,7),
  (38711,3,132,7),
  (38710,3,137,7),
  (38718,4,132,7),
  (38717,4,137,7),
  (38725,6,132,7),
  (38724,6,137,7),
  (39994,905,136,7),
  (39993,905,134,7),
  (39992,905,133,7),
  (38731,132,137,7),
  (38774,5,132,7),
  (38773,5,137,7),
  (38781,14,132,7),
  (38780,14,137,7),
  (38788,15,132,7),
  (38787,15,137,7),
  (38795,7,132,7),
  (38794,7,137,7),
  (38802,8,132,7),
  (38801,8,137,7),
  (47067,1446,132,7),
  (40001,906,691,7),
  (47047,1443,136,7),
  (40130,922,136,7),
  (40266,940,136,7),
  (40129,922,135,7),
  (40258,938,136,7),
  (40257,938,134,7),
  (40194,937,136,7),
  (40242,935,136,7),
  (40241,935,691,7),
  (40256,938,133,7),
  (39865,952,135,7),
  (47060,1445,132,7),
  (40000,906,6,7),
  (40250,936,136,7),
  (40233,934,6,7),
  (40232,934,137,7),
  (40162,926,136,7),
  (40161,926,137,7),
  (40160,926,132,7),
  (47011,1438,132,7),
  (39999,906,137,7),
  (47046,1443,132,7),
  (39898,955,136,7),
  (39897,955,132,7),
  (39991,905,135,7),
  (40154,925,136,7),
  (40153,925,134,7),
  (40152,925,133,7),
  (40146,924,136,7),
  (40138,923,136,7),
  (46101,515,136,7),
  (40281,941,137,7),
  (47017,1439,137,7),
  (39990,905,691,7),
  (47045,1443,137,7),
  (39989,905,6,7),
  (47040,1442,136,7),
  (40362,1159,136,7),
  (40361,1159,134,7),
  (40418,1166,136,7),
  (40402,1164,136,7),
  (40401,1164,134,7),
  (40386,1162,136,7),
  (39988,905,137,7),
  (40280,941,134,7),
  (40279,941,132,7),
  (40298,943,136,7),
  (40410,1165,136,7),
  (40409,1165,134,7),
  (40322,946,136,7),
  (40314,945,136,7),
  (40313,945,135,7),
  (47016,1439,6,7),
  (40010,907,136,7),
  (47031,1441,137,7),
  (47030,1441,6,7),
  (47010,1438,137,7),
  (47025,1440,132,7),
  (39890,959,136,7),
  (39896,955,134,7),
  (40321,946,133,7),
  (40009,907,691,7),
  (40306,944,136,7),
  (40305,944,135,7),
  (39818,949,136,7),
  (39817,949,134,7),
  (40330,947,136,7),
  (40426,1167,136,7),
  (40265,940,137,7),
  (40417,1166,134,7),
  (46998,1436,136,7),
  (40008,907,6,7),
  (39889,959,135,7),
  (40218,932,136,7),
  (40217,932,134,7),
  (40338,939,136,7),
  (40337,939,132,7),
  (40193,937,135,7),
  (40249,936,135,7),
  (40248,936,691,7),
  (40240,935,6,7),
  (40007,907,137,7),
  (39998,906,132,7),
  (46798,604,136,7),
  (40385,1162,134,7),
  (46797,604,133,7),
  (40312,945,691,7),
  (40329,947,134,7),
  (39997,906,134,7),
  (47005,1437,136,7),
  (47004,1437,132,7),
  (47003,1437,137,7),
  (40290,942,136,7),
  (40289,942,6,7),
  (39996,906,133,7),
  (40274,948,136,7),
  (40273,948,137,7),
  (39995,906,135,7),
  (39874,953,136,7),
  (39850,957,136,7),
  (39849,957,134,7),
  (40178,928,136,7),
  (40186,929,136,7),
  (40185,929,135,7),
  (39895,955,133,7),
  (39842,958,136,7),
  (46684,256,136,7),
  (46683,256,134,7),
  (46682,256,133,7),
  (40360,1159,133,7),
  (40425,1167,134,7),
  (40018,908,136,7),
  (40017,908,691,7),
  (40151,925,132,7),
  (40137,923,134,7),
  (40016,908,6,7),
  (40170,927,136,7),
  (39882,954,136,7),
  (40528,10,132,7),
  (40527,10,137,7),
  (40535,11,132,7),
  (40534,11,137,7),
  (40015,908,137,7),
  (39848,957,6,7),
  (39847,957,137,7),
  (39881,954,133,7),
  (40006,907,132,7),
  (39880,954,135,7),
  (40542,12,132,7),
  (40541,12,137,7),
  (40549,13,132,7),
  (40548,13,137,7),
  (40556,73,132,7),
  (40555,73,137,7),
  (40563,74,132,7),
  (40562,74,137,7),
  (39841,958,691,7),
  (40005,907,134,7),
  (39840,958,6,7),
  (40575,108,132,7),
  (40574,108,137,7),
  (46953,1433,6,7),
  (40586,16,132,7),
  (40585,16,137,7),
  (40593,17,132,7),
  (40592,17,137,7),
  (40600,18,132,7),
  (40599,18,137,7),
  (40607,19,132,7),
  (40606,19,137,7),
  (40614,20,132,7),
  (40613,20,137,7),
  (40621,21,132,7),
  (40620,21,137,7),
  (40628,22,132,7),
  (40627,22,137,7),
  (40635,23,132,7),
  (40634,23,137,7),
  (40642,24,132,7),
  (40641,24,137,7),
  (40649,25,132,7),
  (40648,25,137,7),
  (40656,26,132,7),
  (40655,26,137,7),
  (40663,27,132,7),
  (40662,27,137,7),
  (40670,28,132,7),
  (40669,28,137,7),
  (40677,29,132,7),
  (40676,29,137,7),
  (40684,30,132,7),
  (40683,30,137,7),
  (40691,31,132,7),
  (40690,31,137,7),
  (40698,77,132,7),
  (40697,77,137,7),
  (40705,32,132,7),
  (40704,32,137,7),
  (40712,33,132,7),
  (40711,33,137,7),
  (40719,34,132,7),
  (40718,34,137,7),
  (40726,35,132,7),
  (40725,35,137,7),
  (40733,36,132,7),
  (40732,36,137,7),
  (40740,37,132,7),
  (40739,37,137,7),
  (40747,38,132,7),
  (40746,38,137,7),
  (40754,87,132,7),
  (40753,87,137,7),
  (40761,88,132,7),
  (40760,88,137,7),
  (40768,89,132,7),
  (40767,89,137,7),
  (40775,90,132,7),
  (40774,90,137,7),
  (40782,91,132,7),
  (40781,91,137,7),
  (40789,92,132,7),
  (40788,92,137,7),
  (40796,93,132,7),
  (40795,93,137,7),
  (40803,94,132,7),
  (40802,94,137,7),
  (40810,39,132,7),
  (40809,39,137,7),
  (40817,40,132,7),
  (40816,40,137,7),
  (40824,41,132,7),
  (40823,41,137,7),
  (40831,42,132,7),
  (40830,42,137,7),
  (40838,43,132,7),
  (40837,43,137,7),
  (40845,44,132,7),
  (40844,44,137,7),
  (40852,45,132,7),
  (40851,45,137,7),
  (40859,78,132,7),
  (40858,78,137,7),
  (40866,79,132,7),
  (40865,79,137,7),
  (40873,80,132,7),
  (40872,80,137,7),
  (40880,81,132,7),
  (40879,81,137,7),
  (40887,82,132,7),
  (40886,82,137,7),
  (40894,83,132,7),
  (40893,83,137,7),
  (40901,84,132,7),
  (40900,84,137,7),
  (40908,85,132,7),
  (40907,85,137,7),
  (40915,86,132,7),
  (40914,86,137,7),
  (40922,104,132,7),
  (40921,104,137,7),
  (40929,105,132,7),
  (40928,105,137,7),
  (40936,106,132,7),
  (40935,106,137,7),
  (40943,46,132,7),
  (40942,46,137,7),
  (40950,47,132,7),
  (40949,47,137,7),
  (40957,48,132,7),
  (40956,48,137,7),
  (40964,49,132,7),
  (40963,49,137,7),
  (40971,50,132,7),
  (40970,50,137,7),
  (40978,51,132,7),
  (40977,51,137,7),
  (40985,52,132,7),
  (40984,52,137,7),
  (40992,53,132,7),
  (40991,53,137,7),
  (40999,54,132,7),
  (40998,54,137,7),
  (41006,55,132,7),
  (41005,55,137,7),
  (41013,56,132,7),
  (41012,56,137,7),
  (41020,57,132,7),
  (41019,57,137,7),
  (41027,58,132,7),
  (41026,58,137,7),
  (41034,95,132,7),
  (41033,95,137,7),
  (41041,96,132,7),
  (41040,96,137,7),
  (41048,97,132,7),
  (41047,97,137,7),
  (41055,59,132,7),
  (41054,59,137,7),
  (41062,60,132,7),
  (41061,60,137,7),
  (41069,61,132,7),
  (41068,61,137,7),
  (41076,62,132,7),
  (41075,62,137,7),
  (41083,63,132,7),
  (41082,63,137,7),
  (41090,64,132,7),
  (41089,64,137,7),
  (41097,65,132,7),
  (41096,65,137,7),
  (41104,66,132,7),
  (41103,66,137,7),
  (41111,67,132,7),
  (41110,67,137,7),
  (41118,68,132,7),
  (41117,68,137,7),
  (41125,69,132,7),
  (41124,69,137,7),
  (41132,70,132,7),
  (41131,70,137,7),
  (41139,71,132,7),
  (41138,71,137,7),
  (41146,72,132,7),
  (41145,72,137,7),
  (41153,76,132,7),
  (41152,76,137,7),
  (41160,107,132,7),
  (41159,107,137,7),
  (41171,98,132,7),
  (41170,98,137,7),
  (41178,99,132,7),
  (41177,99,137,7),
  (41185,100,132,7),
  (41184,100,137,7),
  (41192,101,132,7),
  (41191,101,137,7),
  (41199,102,132,7),
  (41198,102,137,7),
  (41206,103,132,7),
  (41205,103,137,7),
  (38740,133,136,7),
  (38739,133,132,7),
  (38738,133,137,7),
  (38696,1,137,7),
  (38702,2,6,7),
  (38709,3,6,7),
  (38716,4,6,7),
  (38723,6,6,7),
  (39987,905,132,7),
  (38730,132,6,7),
  (38737,133,6,7),
  (38772,5,6,7),
  (38779,14,6,7),
  (38786,15,6,7),
  (38793,7,6,7),
  (38800,8,6,7),
  (40004,907,133,7),
  (40128,922,691,7),
  (40336,939,134,7),
  (40003,907,135,7),
  (40145,924,133,7),
  (40226,933,136,7),
  (40026,909,136,7),
  (47024,1440,137,7),
  (39894,955,135,7),
  (40150,925,135,7);

COMMIT;

#
# Data for the `ace` table  (LIMIT 500,500)
#

INSERT INTO `ace` (`ACE_ID`, `OBJECT_ID`, `OPERATOR_ID`, `OPERATION`) VALUES 
  (46100,515,132,7),
  (40144,924,135,7),
  (46799,1414,134,7),
  (40424,1167,133,7),
  (40025,909,691,7),
  (40024,909,6,7),
  (47002,1437,6,7),
  (40023,909,137,7),
  (40297,943,691,7),
  (40014,908,132,7),
  (40013,908,134,7),
  (40012,908,133,7),
  (40011,908,135,7),
  (40320,946,135,7),
  (40034,910,136,7),
  (39888,959,134,7),
  (40216,932,133,7),
  (40192,937,691,7),
  (40225,933,134,7),
  (40278,941,133,7),
  (40311,945,6,7),
  (47066,1446,137,7),
  (40288,942,137,7),
  (40272,948,132,7),
  (39879,954,134,7),
  (40159,926,134,7),
  (46681,256,132,7),
  (40033,910,691,7),
  (40032,910,6,7),
  (39878,954,691,7),
  (40526,10,6,7),
  (40533,11,6,7),
  (39873,953,135,7),
  (39877,954,6,7),
  (40540,12,6,7),
  (40547,13,6,7),
  (40554,73,6,7),
  (40561,74,6,7),
  (39839,958,137,7),
  (40573,108,6,7),
  (46952,1433,135,7),
  (40584,16,6,7),
  (40591,17,6,7),
  (40598,18,6,7),
  (40605,19,6,7),
  (40612,20,6,7),
  (40619,21,6,7),
  (40626,22,6,7),
  (40633,23,6,7),
  (40640,24,6,7),
  (40647,25,6,7),
  (40654,26,6,7),
  (40661,27,6,7),
  (40668,28,6,7),
  (40675,29,6,7),
  (40682,30,6,7),
  (40689,31,6,7),
  (40696,77,6,7),
  (40703,32,6,7),
  (40710,33,6,7),
  (40717,34,6,7),
  (40724,35,6,7),
  (40731,36,6,7),
  (40738,37,6,7),
  (40745,38,6,7),
  (40752,87,6,7),
  (40759,88,6,7),
  (40766,89,6,7),
  (40773,90,6,7),
  (40780,91,6,7),
  (40787,92,6,7),
  (40794,93,6,7),
  (40801,94,6,7),
  (40808,39,6,7),
  (40815,40,6,7),
  (40822,41,6,7),
  (40829,42,6,7),
  (40836,43,6,7),
  (40843,44,6,7),
  (40850,45,6,7),
  (40857,78,6,7),
  (40864,79,6,7),
  (40871,80,6,7),
  (40878,81,6,7),
  (40885,82,6,7),
  (40892,83,6,7),
  (40899,84,6,7),
  (40906,85,6,7),
  (40913,86,6,7),
  (40920,104,6,7),
  (40927,105,6,7),
  (40934,106,6,7),
  (40941,46,6,7),
  (40948,47,6,7),
  (40955,48,6,7),
  (40962,49,6,7),
  (40969,50,6,7),
  (40976,51,6,7),
  (40983,52,6,7),
  (40990,53,6,7),
  (40997,54,6,7),
  (41004,55,6,7),
  (41011,56,6,7),
  (41018,57,6,7),
  (41025,58,6,7),
  (41032,95,6,7),
  (41039,96,6,7),
  (41046,97,6,7),
  (41053,59,6,7),
  (41060,60,6,7),
  (41067,61,6,7),
  (41074,62,6,7),
  (41081,63,6,7),
  (41088,64,6,7),
  (41095,65,6,7),
  (41102,66,6,7),
  (41109,67,6,7),
  (41116,68,6,7),
  (41123,69,6,7),
  (41130,70,6,7),
  (41137,71,6,7),
  (41144,72,6,7),
  (41151,76,6,7),
  (41158,107,6,7),
  (41169,98,6,7),
  (41176,99,6,7),
  (41183,100,6,7),
  (41190,101,6,7),
  (41197,102,6,7),
  (41204,103,6,7),
  (38747,134,136,7),
  (38746,134,132,7),
  (38745,134,137,7),
  (38744,134,6,7),
  (38695,1,6,7),
  (40031,910,137,7),
  (40022,909,132,7),
  (40021,909,134,7),
  (40020,909,133,7),
  (39810,904,136,7),
  (40019,909,135,7),
  (39794,902,136,7),
  (39793,902,691,7),
  (39792,902,6,7),
  (39791,902,137,7),
  (39786,901,136,7),
  (39785,901,134,7),
  (39784,901,133,7),
  (47039,1442,132,7),
  (39783,901,135,7),
  (39782,901,691,7),
  (40239,935,137,7),
  (40143,924,691,7),
  (40158,926,133,7),
  (47038,1442,137,7),
  (39893,955,691,7),
  (40136,923,135,7),
  (46099,515,137,7),
  (39781,901,6,7),
  (47009,1438,6,7),
  (40416,1166,133,7),
  (40415,1166,135,7),
  (47001,1437,135,7),
  (46796,604,135,7),
  (40296,943,6,7),
  (47023,1440,6,7),
  (47029,1441,135,7),
  (39816,949,133,7),
  (40408,1165,133,7),
  (39780,901,137,7),
  (40264,940,134,7),
  (39824,950,6,7),
  (40335,939,133,7),
  (40247,936,6,7),
  (40224,933,137,7),
  (39779,901,132,7),
  (47065,1446,6,7),
  (40287,942,132,7),
  (40271,948,134,7),
  (39864,952,691,7),
  (40157,926,135,7),
  (40210,931,136,7),
  (46680,256,137,7),
  (39778,900,136,7),
  (46098,515,6,7),
  (40359,1159,135,7),
  (39777,900,134,7),
  (39776,900,133,7),
  (39775,900,135,7),
  (39872,953,691,7),
  (39834,951,136,7),
  (39774,900,691,7),
  (39773,900,6,7),
  (39772,900,137,7),
  (39771,900,132,7),
  (39887,959,691,7),
  (39770,899,136,7),
  (46951,1433,133,7),
  (39769,899,134,7),
  (39768,899,133,7),
  (39767,899,135,7),
  (39746,896,136,7),
  (39745,896,691,7),
  (39744,896,6,7),
  (39743,896,137,7),
  (39738,895,136,7),
  (39737,895,134,7),
  (39736,895,133,7),
  (39735,895,135,7),
  (39734,895,691,7),
  (39733,895,6,7),
  (39732,895,137,7),
  (39731,895,132,7),
  (39730,894,136,7),
  (39729,894,134,7),
  (39728,894,133,7),
  (39727,894,135,7),
  (39726,894,691,7),
  (39725,894,6,7),
  (39724,894,137,7),
  (39723,894,132,7),
  (39938,893,136,7),
  (39937,893,134,7),
  (39936,893,133,7),
  (39935,893,135,7),
  (39754,897,136,7),
  (39753,897,691,7),
  (39752,897,6,7),
  (39751,897,137,7),
  (39742,896,132,7),
  (39741,896,134,7),
  (39740,896,133,7),
  (39739,896,135,7),
  (39762,898,136,7),
  (39761,898,691,7),
  (39760,898,6,7),
  (39759,898,137,7),
  (39750,897,132,7),
  (39749,897,134,7),
  (39748,897,133,7),
  (39747,897,135,7),
  (39946,891,136,7),
  (39945,891,691,7),
  (39944,891,6,7),
  (39943,891,137,7),
  (39954,890,136,7),
  (39953,890,134,7),
  (39952,890,133,7),
  (39951,890,135,7),
  (39930,892,136,7),
  (39929,892,691,7),
  (39928,892,6,7),
  (39927,892,137,7),
  (39942,891,132,7),
  (39941,891,134,7),
  (39940,891,133,7),
  (39939,891,135,7),
  (39934,893,691,7),
  (39933,893,6,7),
  (39932,893,137,7),
  (39931,893,132,7),
  (39926,892,132,7),
  (39925,892,134,7),
  (39924,892,133,7),
  (39923,892,135,7),
  (39950,890,691,7),
  (39949,890,6,7),
  (39948,890,137,7),
  (39947,890,132,7),
  (39962,889,136,7),
  (39961,889,134,7),
  (39960,889,133,7),
  (39959,889,135,7),
  (39766,899,691,7),
  (39765,899,6,7),
  (39764,899,137,7),
  (39763,899,132,7),
  (39758,898,132,7),
  (39757,898,134,7),
  (39756,898,133,7),
  (39755,898,135,7),
  (39958,889,691,7),
  (39957,889,6,7),
  (39956,889,137,7),
  (39955,889,132,7),
  (39970,888,136,7),
  (39969,888,134,7),
  (38754,135,136,7),
  (38753,135,132,7),
  (38752,135,137,7),
  (38751,135,6,7),
  (39968,888,133,7),
  (38694,1,135,7),
  (38701,2,135,7),
  (38708,3,135,7),
  (38715,4,135,7),
  (38722,6,135,7),
  (39809,904,134,7),
  (38729,132,135,7),
  (38736,133,135,7),
  (38743,134,135,7),
  (38750,135,135,7),
  (38771,5,135,7),
  (38778,14,135,7),
  (38785,15,135,7),
  (38792,7,135,7),
  (38799,8,135,7),
  (47037,1442,6,7),
  (40215,932,132,7),
  (40191,937,6,7),
  (39967,888,135,7),
  (40142,924,6,7),
  (40149,925,691,7),
  (39886,959,6,7),
  (40184,929,691,7),
  (40135,923,133,7),
  (40098,918,136,7),
  (40141,924,137,7),
  (47008,1438,135,7),
  (40097,918,691,7),
  (40414,1166,691,7),
  (47059,1445,137,7),
  (46795,604,691,7),
  (40310,945,137,7),
  (47028,1441,133,7),
  (46912,1427,137,7),
  (47022,1440,135,7),
  (40328,947,133,7),
  (40400,1164,133,7),
  (40304,944,691,7),
  (40263,940,133,7),
  (39823,950,137,7),
  (40255,938,135,7),
  (40238,935,134,7),
  (40237,935,132,7),
  (46911,1427,6,7),
  (40096,918,6,7),
  (40303,944,6,7),
  (40095,918,137,7),
  (40286,942,134,7),
  (40270,948,133,7),
  (40202,930,136,7),
  (40134,923,691,7),
  (40201,930,135,7),
  (40090,917,136,7),
  (40423,1167,135,7),
  (46097,515,135,7),
  (40399,1164,135,7),
  (39858,956,136,7),
  (40525,10,135,7),
  (40532,11,135,7),
  (39871,953,134,7),
  (39833,951,134,7),
  (40089,917,134,7),
  (40088,917,133,7),
  (40539,12,135,7),
  (40087,917,135,7),
  (40546,13,135,7),
  (40553,73,135,7),
  (40560,74,135,7),
  (40106,919,136,7),
  (40572,108,135,7),
  (46950,1433,134,7),
  (40583,16,135,7),
  (40590,17,135,7),
  (40597,18,135,7),
  (40604,19,135,7),
  (40611,20,135,7),
  (40618,21,135,7),
  (40625,22,135,7),
  (40632,23,135,7),
  (40639,24,135,7),
  (40646,25,135,7),
  (40653,26,135,7),
  (40660,27,135,7),
  (40667,28,135,7),
  (40674,29,135,7),
  (40681,30,135,7),
  (40688,31,135,7),
  (40695,77,135,7),
  (40702,32,135,7),
  (40709,33,135,7),
  (40716,34,135,7),
  (40723,35,135,7),
  (40730,36,135,7),
  (40737,37,135,7),
  (40744,38,135,7),
  (40751,87,135,7),
  (40758,88,135,7),
  (40765,89,135,7),
  (40772,90,135,7),
  (40779,91,135,7),
  (40786,92,135,7),
  (40793,93,135,7),
  (40800,94,135,7),
  (40807,39,135,7),
  (40814,40,135,7),
  (40821,41,135,7),
  (40828,42,135,7),
  (40835,43,135,7),
  (40842,44,135,7),
  (40849,45,135,7),
  (40856,78,135,7),
  (40863,79,135,7),
  (40870,80,135,7),
  (40877,81,135,7),
  (40884,82,135,7),
  (40891,83,135,7),
  (40898,84,135,7),
  (40905,85,135,7),
  (40912,86,135,7),
  (40919,104,135,7),
  (40926,105,135,7),
  (40933,106,135,7),
  (40940,46,135,7),
  (40947,47,135,7),
  (40954,48,135,7),
  (40961,49,135,7),
  (40968,50,135,7),
  (40975,51,135,7),
  (40982,52,135,7),
  (40989,53,135,7),
  (40996,54,135,7),
  (41003,55,135,7),
  (41010,56,135,7),
  (41017,57,135,7),
  (41024,58,135,7),
  (41031,95,135,7),
  (41038,96,135,7),
  (41045,97,135,7),
  (41052,59,135,7),
  (41059,60,135,7),
  (41066,61,135,7),
  (41073,62,135,7),
  (41080,63,135,7),
  (41087,64,135,7),
  (41094,65,135,7),
  (41101,66,135,7),
  (41108,67,135,7),
  (41115,68,135,7),
  (41122,69,135,7),
  (41129,70,135,7),
  (41136,71,135,7),
  (41143,72,135,7),
  (41150,76,135,7),
  (41157,107,135,7),
  (41168,98,135,7),
  (41175,99,135,7),
  (41182,100,135,7),
  (41189,101,135,7),
  (41196,102,135,7),
  (41203,103,135,7),
  (38761,136,136,7),
  (38760,136,132,7),
  (38759,136,137,7),
  (38758,136,6,7),
  (40105,919,691,7),
  (38757,136,135,7),
  (38693,1,133,7),
  (38700,2,133,7),
  (38707,3,133,7),
  (38714,4,133,7),
  (38721,6,133,7),
  (39808,904,133,7),
  (38728,132,133,7),
  (38735,133,133,7),
  (38742,134,133,7),
  (38749,135,133,7),
  (38756,136,133,7),
  (38770,5,133,7),
  (38777,14,133,7),
  (38784,15,133,7),
  (38791,7,133,7),
  (38798,8,133,7),
  (47044,1443,6,7),
  (40214,932,135,7),
  (40104,919,6,7),
  (40103,919,137,7),
  (40148,925,6,7),
  (40094,918,132,7),
  (40177,928,691,7),
  (46997,1436,132,7),
  (40093,918,134,7),
  (40133,923,6,7),
  (46096,515,133,7),
  (47000,1437,133,7),
  (40407,1165,135,7),
  (40413,1166,6,7),
  (40092,918,133,7),
  (47015,1439,135,7),
  (40384,1162,133,7),
  (40091,918,135,7),
  (47027,1441,134,7),
  (39885,959,133,7),
  (47021,1440,133,7),
  (40319,946,691,7),
  (40302,944,134,7),
  (40327,947,132,7),
  (40114,920,136,7),
  (41164,139,134,7);

COMMIT;

#
# Data for the `ace` table  (LIMIT 1000,500)
#

INSERT INTO `ace` (`ACE_ID`, `OBJECT_ID`, `OPERATOR_ID`, `OPERATION`) VALUES 
  (40113,920,691,7),
  (40112,920,6,7),
  (40231,934,132,7),
  (47058,1445,6,7),
  (40378,1161,136,7),
  (40295,943,137,7),
  (47064,1446,135,7),
  (40277,941,135,7),
  (40269,948,135,7),
  (40200,930,691,7),
  (40169,927,134,7),
  (39832,951,133,7),
  (46679,256,6,7),
  (40398,1164,691,7),
  (40394,1163,136,7),
  (39857,956,137,7),
  (40111,920,137,7),
  (40102,919,132,7),
  (40101,919,134,7),
  (40100,919,133,7),
  (40099,919,135,7),
  (40122,921,136,7),
  (40121,921,691,7),
  (40120,921,6,7),
  (40119,921,137,7),
  (40110,920,132,7),
  (40109,920,134,7),
  (40108,920,133,7),
  (40107,920,135,7),
  (40086,917,691,7),
  (40085,917,6,7),
  (40084,917,137,7),
  (40083,917,132,7),
  (40082,916,136,7),
  (40081,916,134,7),
  (40080,916,133,7),
  (40079,916,135,7),
  (40078,916,691,7),
  (40077,916,6,7),
  (40076,916,137,7),
  (40075,916,132,7),
  (40074,915,136,7),
  (40073,915,134,7),
  (40072,915,133,7),
  (40071,915,135,7),
  (40070,915,691,7),
  (40069,915,6,7),
  (40068,915,137,7),
  (40067,915,132,7),
  (40066,914,136,7),
  (40065,914,134,7),
  (40064,914,133,7),
  (40063,914,135,7),
  (40062,914,691,7),
  (40061,914,6,7),
  (40060,914,137,7),
  (40059,914,132,7),
  (40058,913,136,7),
  (40057,913,134,7),
  (40056,913,133,7),
  (40055,913,135,7),
  (40054,913,691,7),
  (40053,913,6,7),
  (40524,10,133,7),
  (40531,11,133,7),
  (39876,954,137,7),
  (39831,951,691,7),
  (40052,913,137,7),
  (40051,913,132,7),
  (40050,912,136,7),
  (40538,12,133,7),
  (40545,13,133,7),
  (40552,73,133,7),
  (40559,74,133,7),
  (39884,959,137,7),
  (40571,108,133,7),
  (46949,1432,136,7),
  (40582,16,133,7),
  (40589,17,133,7),
  (40596,18,133,7),
  (40603,19,133,7),
  (40610,20,133,7),
  (40617,21,133,7),
  (40624,22,133,7),
  (40631,23,133,7),
  (40638,24,133,7),
  (40645,25,133,7),
  (40652,26,133,7),
  (40659,27,133,7),
  (40666,28,133,7),
  (40673,29,133,7),
  (40680,30,133,7),
  (40687,31,133,7),
  (40694,77,133,7),
  (40701,32,133,7),
  (40708,33,133,7),
  (40715,34,133,7),
  (40722,35,133,7),
  (40729,36,133,7),
  (40736,37,133,7),
  (40743,38,133,7),
  (40750,87,133,7),
  (40757,88,133,7),
  (40764,89,133,7),
  (40771,90,133,7),
  (40778,91,133,7),
  (40785,92,133,7),
  (40792,93,133,7),
  (40799,94,133,7),
  (40806,39,133,7),
  (40813,40,133,7),
  (40820,41,133,7),
  (40827,42,133,7),
  (40834,43,133,7),
  (40841,44,133,7),
  (40848,45,133,7),
  (40855,78,133,7),
  (40862,79,133,7),
  (40869,80,133,7),
  (40876,81,133,7),
  (40883,82,133,7),
  (40890,83,133,7),
  (40897,84,133,7),
  (40904,85,133,7),
  (40911,86,133,7),
  (40918,104,133,7),
  (40925,105,133,7),
  (40932,106,133,7),
  (40939,46,133,7),
  (40946,47,133,7),
  (40953,48,133,7),
  (40960,49,133,7),
  (40967,50,133,7),
  (40974,51,133,7),
  (40981,52,133,7),
  (40988,53,133,7),
  (40995,54,133,7),
  (41002,55,133,7),
  (41009,56,133,7),
  (41016,57,133,7),
  (41023,58,133,7),
  (41030,95,133,7),
  (41037,96,133,7),
  (41044,97,133,7),
  (41051,59,133,7),
  (41058,60,133,7),
  (41065,61,133,7),
  (41072,62,133,7),
  (41079,63,133,7),
  (41086,64,133,7),
  (41093,65,133,7),
  (41100,66,133,7),
  (41107,67,133,7),
  (41114,68,133,7),
  (41121,69,133,7),
  (41128,70,133,7),
  (41135,71,133,7),
  (41142,72,133,7),
  (41149,76,133,7),
  (41156,107,133,7),
  (41167,98,133,7),
  (41174,99,133,7),
  (41181,100,133,7),
  (41188,101,133,7),
  (41195,102,133,7),
  (41202,103,133,7),
  (38768,137,136,7),
  (38767,137,132,7),
  (38766,137,137,7),
  (38765,137,6,7),
  (40049,912,134,7),
  (38764,137,135,7),
  (38763,137,133,7),
  (38692,1,134,7),
  (38699,2,134,7),
  (38706,3,134,7),
  (38713,4,134,7),
  (38720,6,134,7),
  (39807,904,135,7),
  (38727,132,134,7),
  (38734,133,134,7),
  (38741,134,134,7),
  (38748,135,134,7),
  (38755,136,134,7),
  (38762,137,134,7),
  (38769,5,134,7),
  (38776,14,134,7),
  (38783,15,134,7),
  (38790,7,134,7),
  (38797,8,134,7),
  (47043,1443,135,7),
  (40254,938,691,7),
  (40246,936,137,7),
  (40223,933,132,7),
  (40147,925,137,7),
  (40176,928,6,7),
  (46996,1436,137,7),
  (40175,928,137,7),
  (40132,923,137,7),
  (47036,1442,135,7),
  (40397,1164,6,7),
  (40422,1167,691,7),
  (47014,1439,133,7),
  (40048,912,133,7),
  (40294,943,132,7),
  (47007,1438,133,7),
  (46995,1436,6,7),
  (47042,1443,133,7),
  (40318,946,6,7),
  (46794,604,6,7),
  (40326,947,135,7),
  (40118,921,132,7),
  (39815,949,135,7),
  (40245,936,132,7),
  (40190,937,137,7),
  (40230,934,134,7),
  (40276,941,691,7),
  (40358,1159,691,7),
  (40285,942,133,7),
  (47063,1446,133,7),
  (40275,941,6,7),
  (40325,947,691,7),
  (40047,912,135,7),
  (40131,923,132,7),
  (39830,951,6,7),
  (46678,256,691,7),
  (40406,1165,691,7),
  (40140,924,132,7),
  (39870,953,6,7),
  (40523,10,134,7),
  (40530,11,134,7),
  (39875,954,132,7),
  (40537,12,134,7),
  (40544,13,134,7),
  (40551,73,134,7),
  (40558,74,134,7),
  (39838,958,132,7),
  (40570,108,134,7),
  (46948,1432,132,7),
  (40581,16,134,7),
  (40588,17,134,7),
  (40595,18,134,7),
  (40602,19,134,7),
  (40609,20,134,7),
  (40616,21,134,7),
  (40623,22,134,7),
  (40630,23,134,7),
  (40637,24,134,7),
  (40644,25,134,7),
  (40651,26,134,7),
  (40658,27,134,7),
  (40665,28,134,7),
  (40672,29,134,7),
  (40679,30,134,7),
  (40686,31,134,7),
  (40693,77,134,7),
  (40700,32,134,7),
  (40707,33,134,7),
  (40714,34,134,7),
  (40721,35,134,7),
  (40728,36,134,7),
  (40735,37,134,7),
  (40742,38,134,7),
  (40749,87,134,7),
  (40756,88,134,7),
  (40763,89,134,7),
  (40770,90,134,7),
  (40777,91,134,7),
  (40784,92,134,7),
  (40791,93,134,7),
  (40798,94,134,7),
  (40805,39,134,7),
  (40812,40,134,7),
  (40819,41,134,7),
  (40826,42,134,7),
  (40833,43,134,7),
  (40840,44,134,7),
  (40847,45,134,7),
  (40854,78,134,7),
  (40861,79,134,7),
  (40868,80,134,7),
  (40875,81,134,7),
  (40882,82,134,7),
  (40889,83,134,7),
  (40896,84,134,7),
  (40903,85,134,7),
  (40910,86,134,7),
  (40917,104,134,7),
  (40924,105,134,7),
  (40931,106,134,7),
  (40938,46,134,7),
  (40945,47,134,7),
  (40952,48,134,7),
  (40959,49,134,7),
  (40966,50,134,7),
  (40973,51,134,7),
  (40980,52,134,7),
  (40987,53,134,7),
  (40994,54,134,7),
  (41001,55,134,7),
  (41008,56,134,7),
  (41015,57,134,7),
  (41022,58,134,7),
  (41029,95,134,7),
  (41036,96,134,7),
  (41043,97,134,7),
  (41050,59,134,7),
  (41057,60,134,7),
  (41064,61,134,7),
  (41071,62,134,7),
  (41078,63,134,7),
  (41085,64,134,7),
  (41092,65,134,7),
  (41099,66,134,7),
  (41106,67,134,7),
  (41113,68,134,7),
  (41120,69,134,7),
  (41127,70,134,7),
  (41134,71,134,7),
  (41141,72,134,7),
  (41148,76,134,7),
  (41155,107,134,7),
  (41166,98,134,7),
  (41173,99,134,7),
  (41180,100,134,7),
  (41187,101,134,7),
  (41194,102,134,7),
  (41201,103,134,7),
  (39814,949,691,7),
  (39813,949,6,7),
  (47035,1442,133,7),
  (40222,933,133,7),
  (47006,1438,134,7),
  (40221,933,135,7),
  (46994,1436,135,7),
  (47057,1445,135,7),
  (40262,940,132,7),
  (47056,1445,133,7),
  (46999,1437,134,7),
  (47062,1446,134,7),
  (47020,1440,134,7),
  (46993,1436,133,7),
  (46910,1427,135,7),
  (39829,951,135,7),
  (39883,959,132,7),
  (47034,1442,134,7),
  (47013,1439,134,7),
  (47041,1443,134,7),
  (39812,949,137,7),
  (40567,120,6,7),
  (40579,138,134,7),
  (40220,933,691,7),
  (40236,935,133,7),
  (40219,933,6,7),
  (40213,932,691,7),
  (40229,934,133,7),
  (40228,934,135,7),
  (40235,935,135,7),
  (40189,937,134,7),
  (40188,937,132,7),
  (40227,934,691,7),
  (40244,936,134,7),
  (40243,936,133,7),
  (40187,937,133,7),
  (40334,939,135,7),
  (40333,939,691,7),
  (40332,939,6,7),
  (40253,938,6,7),
  (40252,938,137,7),
  (40251,938,132,7),
  (40117,921,134,7),
  (40212,932,6,7),
  (40211,932,137,7),
  (46882,1424,6,7),
  (40116,921,133,7),
  (40115,921,135,7),
  (40261,940,135,7),
  (40260,940,691,7),
  (40396,1164,137,7),
  (40395,1164,132,7),
  (40331,939,137,7),
  (40405,1165,6,7),
  (40404,1165,137,7),
  (40403,1165,132,7),
  (40421,1167,6,7),
  (40420,1167,137,7),
  (40419,1167,132,7),
  (40393,1163,134,7),
  (40412,1166,137,7),
  (40411,1166,132,7),
  (40392,1163,133,7),
  (40377,1161,134,7),
  (40357,1159,6,7),
  (40356,1159,137,7),
  (40376,1161,133,7),
  (40375,1161,135,7),
  (40355,1159,132,7),
  (46793,604,137,7),
  (40374,1161,691,7),
  (46992,1436,134,7),
  (46792,604,132,7),
  (40293,943,134,7),
  (46991,1401,136,7),
  (46990,1401,132,7),
  (40284,942,135,7),
  (40292,943,133,7),
  (40291,943,135,7),
  (40309,945,134,7),
  (40308,945,133,7),
  (40283,942,691,7),
  (40301,944,137,7),
  (40300,944,132,7),
  (40307,945,132,7),
  (40324,947,6,7),
  (40323,947,137,7),
  (40299,944,133,7),
  (40317,946,137,7),
  (40316,946,132,7),
  (40315,946,134,7),
  (39811,949,132,7),
  (40268,948,691,7),
  (40267,948,6,7),
  (40566,120,132,7),
  (40578,138,132,7),
  (41163,139,132,7),
  (40168,927,133,7),
  (40046,912,691,7),
  (40167,927,135,7),
  (12293,140,132,7),
  (12292,140,133,7),
  (12291,140,6,7),
  (39846,957,132,7),
  (39845,957,133,7),
  (39844,957,135,7),
  (47052,1444,137,7),
  (47051,1444,6,7),
  (47050,1444,135,7),
  (40045,912,6,7),
  (47049,1444,133,7),
  (47048,1444,134,7),
  (40199,930,6,7),
  (40044,912,137,7),
  (40198,930,137,7),
  (40197,930,134,7),
  (40196,930,132,7),
  (40195,930,133,7),
  (39828,951,137,7),
  (39827,951,132,7),
  (39822,950,132,7),
  (40043,912,132,7),
  (39821,950,134,7),
  (39820,950,133,7),
  (39837,958,134,7),
  (39836,958,133,7),
  (39835,958,135,7),
  (39892,955,6,7),
  (46881,1424,137,7),
  (40174,928,134,7),
  (40183,929,6,7),
  (40042,911,136,7),
  (40182,929,137,7),
  (40181,929,132,7),
  (40180,929,134,7),
  (40179,929,133,7),
  (40166,927,691,7),
  (40165,927,6,7),
  (40164,927,137,7),
  (40173,928,132,7),
  (40172,928,133,7),
  (40171,928,135,7),
  (40127,922,6,7),
  (40041,911,134,7),
  (40126,922,137,7),
  (40163,927,132,7),
  (40156,926,691,7),
  (40155,926,6,7),
  (40125,922,132,7),
  (40124,922,134,7),
  (40123,922,133,7),
  (40040,911,133,7),
  (39856,956,132,7),
  (39855,956,134,7),
  (39854,956,133,7),
  (39853,956,135,7),
  (39891,955,137,7),
  (39869,953,137,7),
  (39868,953,132,7),
  (39867,953,133,7),
  (40039,911,135,7),
  (39863,952,6,7),
  (39862,952,137,7),
  (39861,952,132,7),
  (39860,952,134,7),
  (39859,952,133,7),
  (39843,957,691,7),
  (39852,956,691,7),
  (39851,956,6,7),
  (40139,924,134,7),
  (40565,120,133,7),
  (40577,138,133,7);

COMMIT;

#
# Data for the `ace` table  (LIMIT 1500,500)
#

INSERT INTO `ace` (`ACE_ID`, `OBJECT_ID`, `OPERATOR_ID`, `OPERATION`) VALUES 
  (41162,139,133,7),
  (46880,1424,132,7),
  (46879,1424,134,7),
  (46878,1423,136,7),
  (46866,1422,6,7),
  (46865,1422,137,7),
  (46864,1422,132,7),
  (46877,1423,133,7),
  (46863,1422,134,7),
  (46874,1423,6,7),
  (46873,1423,137,7),
  (46872,1423,132,7),
  (46871,1423,134,7),
  (46909,1427,133,7),
  (46908,1427,134,7),
  (46905,1426,137,7),
  (40209,931,133,7),
  (40208,931,135,7),
  (40207,931,691,7),
  (40038,911,691,7),
  (40206,931,6,7),
  (40205,931,137,7),
  (40204,931,132,7),
  (40203,931,134,7),
  (39906,883,136,7),
  (40037,911,6,7),
  (39905,883,134,7),
  (46516,693,136,7),
  (46791,604,134,7),
  (40036,911,137,7),
  (39802,903,136,7),
  (39801,903,691,7),
  (39800,903,6,7),
  (39799,903,137,7),
  (39790,902,132,7),
  (39789,902,134,7),
  (39788,902,133,7),
  (39787,902,135,7),
  (39806,904,691,7),
  (39805,904,6,7),
  (39804,904,137,7),
  (39803,904,132,7),
  (39798,903,132,7),
  (39797,903,134,7),
  (39796,903,133,7),
  (39795,903,135,7),
  (40035,911,132,7),
  (46095,515,134,7),
  (39966,888,691,7),
  (39965,888,6,7),
  (39964,888,137,7),
  (39963,888,132,7),
  (40030,910,132,7),
  (39978,887,136,7),
  (39904,883,133,7),
  (39903,883,135,7),
  (40029,910,134,7),
  (39914,884,136,7),
  (46515,693,134,7),
  (46514,693,133,7),
  (46513,693,135,7),
  (46512,693,691,7),
  (40028,910,133,7),
  (46511,693,6,7),
  (46510,693,137,7),
  (46509,693,132,7),
  (40027,910,135,7),
  (39977,887,134,7),
  (39976,887,133,7),
  (39975,887,135,7),
  (39974,887,691,7),
  (39973,887,6,7),
  (39972,887,137,7),
  (39986,886,136,7),
  (39985,886,134,7),
  (39971,887,132,7),
  (39984,886,133,7),
  (39983,886,691,7),
  (39982,886,6,7),
  (39981,886,137,7),
  (39722,694,136,7),
  (39721,694,132,7),
  (39720,694,137,7),
  (39719,694,6,7),
  (39718,694,691,7),
  (39717,694,135,7),
  (39716,694,133,7),
  (39715,694,134,7),
  (39913,884,691,7),
  (39912,884,6,7),
  (39911,884,137,7),
  (39902,883,691,7),
  (39901,883,6,7),
  (39900,883,137,7),
  (39899,883,132,7),
  (39922,885,136,7),
  (39921,885,691,7),
  (39920,885,6,7),
  (39919,885,137,7),
  (39910,884,132,7),
  (39909,884,134,7),
  (39908,884,133,7),
  (39907,884,135,7),
  (39980,886,132,7),
  (39979,886,135,7),
  (39918,885,132,7),
  (39917,885,134,7),
  (39916,885,133,7),
  (39915,885,135,7),
  (39819,950,135,7),
  (46677,256,135,7),
  (46989,1401,137,7),
  (40259,940,6,7),
  (47055,1445,134,7),
  (46858,1421,6,7),
  (46857,1421,137,7),
  (46862,1421,136,7),
  (46861,1421,133,7),
  (46870,1422,136,7),
  (46856,1421,132,7),
  (46855,1421,134,7),
  (46854,1420,136,7),
  (46834,1418,6,7),
  (46833,1418,137,7),
  (46842,1419,6,7),
  (46841,1419,137,7),
  (46826,1417,6,7),
  (46840,1419,132,7),
  (46839,1419,134,7),
  (46838,1418,136,7),
  (46850,1420,6,7),
  (46849,1420,137,7),
  (46848,1420,132,7),
  (46860,1421,135,7),
  (46859,1421,691,7),
  (46847,1420,134,7),
  (46853,1420,133,7),
  (46852,1420,135,7),
  (46832,1418,132,7),
  (46831,1418,134,7),
  (46830,1417,136,7),
  (46829,1417,133,7),
  (46825,1417,137,7),
  (46824,1417,132,7),
  (46828,1417,135,7),
  (46827,1417,691,7),
  (46823,1417,134,7),
  (46822,1416,136,7),
  (46821,1416,133,7),
  (46820,1416,135,7),
  (46904,1426,6,7),
  (46903,1426,135,7),
  (46902,1426,133,7),
  (46819,1416,691,7),
  (46901,1426,134,7),
  (46900,1425,136,7),
  (46899,1425,132,7),
  (46898,1425,137,7),
  (46869,1422,133,7),
  (46868,1422,135,7),
  (46867,1422,691,7),
  (46921,1428,136,7),
  (46920,1428,132,7),
  (46919,1428,137,7),
  (46918,1428,6,7),
  (46917,1428,135,7),
  (46907,1426,136,7),
  (46906,1426,132,7),
  (46846,1419,136,7),
  (46837,1418,133,7),
  (46836,1418,135,7),
  (46835,1418,691,7),
  (46851,1420,691,7),
  (46845,1419,133,7),
  (46844,1419,135,7),
  (46843,1419,691,7),
  (46500,783,136,7),
  (46499,783,132,7),
  (46498,783,137,7),
  (46497,783,6,7),
  (46496,783,691,7),
  (46495,783,135,7),
  (46494,783,133,7),
  (46493,783,134,7),
  (46876,1423,135,7),
  (46875,1423,691,7),
  (46818,1416,6,7),
  (46810,1415,6,7),
  (46897,1425,6,7),
  (46809,1415,137,7),
  (46808,1415,132,7),
  (46807,1415,134,7),
  (46806,1414,136,7),
  (46805,1414,133,7),
  (46804,1414,135,7),
  (46803,1414,691,7),
  (46817,1416,137,7),
  (46896,1425,135,7),
  (46895,1425,133,7),
  (46894,1425,134,7),
  (46886,1424,136,7),
  (46885,1424,133,7),
  (46884,1424,135,7),
  (46883,1424,691,7),
  (46816,1416,132,7),
  (46815,1416,134,7),
  (46814,1415,136,7),
  (46813,1415,133,7),
  (46812,1415,135,7),
  (46811,1415,691,7),
  (40391,1163,135,7),
  (40390,1163,691,7),
  (40389,1163,6,7),
  (40388,1163,137,7),
  (40387,1163,132,7),
  (40383,1162,135,7),
  (40382,1162,691,7),
  (40381,1162,6,7),
  (40380,1162,137,7),
  (40379,1162,132,7),
  (46988,1401,6,7),
  (46987,1401,135,7),
  (46986,1401,133,7),
  (46985,1401,134,7),
  (46929,1430,134,7),
  (46928,1429,136,7),
  (46927,1429,132,7),
  (46926,1429,137,7),
  (46925,1429,6,7),
  (46916,1428,133,7),
  (46915,1428,134,7),
  (46914,1427,136,7),
  (40373,1161,6,7),
  (40372,1161,137,7),
  (40371,1161,132,7),
  (40434,1168,136,7),
  (40433,1168,134,7),
  (40432,1168,133,7),
  (40431,1168,135,7),
  (40430,1168,691,7),
  (46924,1429,135,7),
  (46923,1429,133,7),
  (46922,1429,134,7),
  (40429,1168,6,7),
  (40428,1168,137,7),
  (40427,1168,132,7),
  (40370,1160,136,7),
  (40369,1160,134,7),
  (40368,1160,133,7),
  (40367,1160,135,7),
  (40366,1160,691,7),
  (40365,1160,6,7),
  (40364,1160,137,7),
  (40363,1160,132,7),
  (46476,1158,132,7),
  (46475,1158,137,7),
  (46474,1158,6,7),
  (46473,1158,691,7),
  (46472,1158,135,7),
  (46471,1158,133,7),
  (46470,1158,134,7),
  (46469,1158,136,7),
  (46937,1431,133,7),
  (46936,1431,134,7),
  (46935,1430,136,7),
  (46934,1430,132,7),
  (46933,1430,137,7),
  (46932,1430,6,7),
  (46931,1430,135,7),
  (46930,1430,133,7),
  (46945,1432,135,7),
  (46944,1432,133,7),
  (46943,1432,134,7),
  (46942,1431,136,7),
  (46941,1431,132,7),
  (46940,1431,137,7),
  (46939,1431,6,7),
  (46938,1431,135,7),
  (46947,1432,137,7),
  (46946,1432,6,7),
  (46961,1434,137,7),
  (46960,1434,6,7),
  (46959,1434,135,7),
  (46958,1434,133,7),
  (46957,1434,134,7),
  (46956,1433,136,7),
  (46955,1433,132,7),
  (46954,1433,137,7),
  (46969,1435,132,7),
  (46968,1435,137,7),
  (46967,1435,6,7),
  (46966,1435,135,7),
  (46965,1435,133,7),
  (46964,1435,134,7),
  (46963,1434,136,7),
  (46962,1434,132,7),
  (46970,1435,136,7),
  (46612,1390,132,7),
  (46611,1390,137,7),
  (46610,1390,6,7),
  (46609,1390,691,7),
  (46608,1390,135,7),
  (46607,1390,133,7),
  (46606,1390,134,7),
  (46605,1390,136,7),
  (46604,1400,136,7),
  (46603,1400,134,7),
  (46602,1400,133,7),
  (46601,1400,135,7),
  (46600,1400,691,7),
  (46599,1400,6,7),
  (46598,1400,137,7),
  (46597,1400,132,7),
  (46532,1391,136,7),
  (46531,1391,134,7),
  (46530,1391,133,7),
  (46529,1391,135,7),
  (46528,1391,691,7),
  (46527,1391,6,7),
  (46526,1391,137,7),
  (46525,1391,132,7),
  (46596,1399,136,7),
  (46595,1399,134,7),
  (46594,1399,133,7),
  (46593,1399,135,7),
  (46592,1399,691,7),
  (46591,1399,6,7),
  (46590,1399,137,7),
  (46589,1399,132,7),
  (46588,1398,136,7),
  (46587,1398,134,7),
  (46586,1398,133,7),
  (46585,1398,135,7),
  (46584,1398,691,7),
  (46583,1398,6,7),
  (46582,1398,137,7),
  (46581,1398,132,7),
  (46580,1397,136,7),
  (46579,1397,134,7),
  (46578,1397,133,7),
  (46577,1397,135,7),
  (46576,1397,691,7),
  (46575,1397,6,7),
  (46574,1397,137,7),
  (46573,1397,132,7),
  (46572,1396,136,7),
  (46571,1396,134,7),
  (46570,1396,133,7),
  (46569,1396,135,7),
  (46568,1396,691,7),
  (46567,1396,6,7),
  (46566,1396,137,7),
  (46565,1396,132,7),
  (46564,1395,136,7),
  (46563,1395,134,7),
  (46562,1395,133,7),
  (46561,1395,135,7),
  (46560,1395,691,7),
  (46559,1395,6,7),
  (46558,1395,137,7),
  (46557,1395,132,7),
  (46556,1394,136,7),
  (46555,1394,134,7),
  (46554,1394,133,7),
  (46553,1394,135,7),
  (46552,1394,691,7),
  (46551,1394,6,7),
  (46550,1394,137,7),
  (46549,1394,132,7),
  (46548,1393,136,7),
  (46547,1393,134,7),
  (46546,1393,133,7),
  (46545,1393,135,7),
  (46544,1393,691,7),
  (46543,1393,6,7),
  (46542,1393,137,7),
  (46541,1393,132,7),
  (46540,1392,136,7),
  (46539,1392,134,7),
  (46538,1392,133,7),
  (46537,1392,135,7),
  (46536,1392,691,7),
  (46535,1392,6,7),
  (46534,1392,137,7),
  (46533,1392,132,7),
  (40569,120,136,7),
  (40580,138,136,7),
  (41165,139,136,7),
  (46893,1213,136,7),
  (46892,1213,132,7),
  (46891,1213,137,7),
  (46890,1213,6,7),
  (46889,1213,135,7),
  (46888,1213,133,7),
  (46887,1213,134,7),
  (46508,1368,136,7),
  (46507,1368,132,7),
  (46506,1368,137,7),
  (46505,1368,6,7),
  (46504,1368,691,7),
  (46503,1368,135,7),
  (46502,1368,133,7),
  (46501,1368,134,7),
  (45911,1369,136,7),
  (45912,1369,132,7),
  (45913,1369,137,7),
  (45914,1369,6,7),
  (45915,1369,691,7),
  (45916,1369,135,7),
  (45917,1369,133,7),
  (45918,1369,134,7),
  (45919,1370,136,7),
  (45920,1370,132,7),
  (45921,1370,137,7),
  (45922,1370,6,7),
  (45923,1370,691,7),
  (45924,1370,135,7),
  (45925,1370,133,7),
  (45926,1370,134,7),
  (45927,1371,136,7),
  (45928,1371,132,7),
  (45929,1371,137,7),
  (45930,1371,6,7),
  (45931,1371,691,7),
  (45932,1371,135,7),
  (45933,1371,133,7),
  (45934,1371,134,7),
  (45935,1372,136,7),
  (45936,1372,132,7),
  (45937,1372,137,7),
  (45938,1372,6,7),
  (45939,1372,691,7),
  (45940,1372,135,7),
  (45941,1372,133,7),
  (45942,1372,134,7),
  (45943,1373,136,7),
  (45944,1373,132,7),
  (45945,1373,137,7),
  (45946,1373,6,7),
  (45947,1373,691,7),
  (45948,1373,135,7),
  (45949,1373,133,7),
  (45950,1373,134,7),
  (45951,1374,136,7),
  (45952,1374,132,7),
  (45953,1374,137,7),
  (45954,1374,6,7),
  (45955,1374,691,7),
  (45956,1374,135,7),
  (45957,1374,133,7),
  (45958,1374,134,7),
  (45959,1375,136,7),
  (45960,1375,132,7),
  (45961,1375,137,7),
  (45962,1375,6,7),
  (45963,1375,691,7),
  (45964,1375,135,7),
  (45965,1375,133,7),
  (45966,1375,134,7),
  (45967,1376,136,7),
  (45968,1376,132,7),
  (45969,1376,137,7),
  (45970,1376,6,7),
  (45971,1376,691,7),
  (45972,1376,135,7),
  (45973,1376,133,7),
  (45974,1376,134,7),
  (45975,1377,136,7),
  (45976,1377,132,7),
  (45977,1377,137,7),
  (45978,1377,6,7),
  (45979,1377,691,7),
  (45980,1377,135,7),
  (45981,1377,133,7),
  (45982,1377,134,7),
  (45983,1378,136,7),
  (45984,1378,132,7),
  (45985,1378,137,7),
  (45986,1378,6,7),
  (45987,1378,691,7),
  (45988,1378,135,7),
  (45989,1378,133,7),
  (45990,1378,134,7);

COMMIT;

#
# Data for the `fseye_object` table  (LIMIT 0,500)
#

INSERT INTO `fseye_object` (`ID`, `OWNER`, `PARENT_ID`, `NAME`, `COMMENT`) VALUES 
  (1,0,0,'FSEye','FSEye'),
  (2,0,1,'System','System'),
  (3,0,2,'SecurityManager','SecurityManager'),
  (4,0,3,'Users','Users'),
  (5,0,3,'Groups','Groups'),
  (6,0,4,'blaze','blaze'),
  (7,0,2,'GameServerManager','GameServerManager'),
  (8,0,7,'GameServerList','GameServerList'),
  (958,0,951,'FMTask',''),
  (10,0,2,'AutomationManager','AutomationManager'),
  (11,0,2,'StrategyManager','StrategyManager'),
  (12,0,2,'ScheduledTaskManager','ScheduledTaskManager'),
  (13,0,2,'ServiceSwitch','ServiceSwitch'),
  (14,0,3,'Login','Login'),
  (15,0,3,'Logout','Logout'),
  (16,0,1,'Function','Function'),
  (17,0,16,'System','System'),
  (18,0,17,'SystemControl','SystemControl'),
  (19,0,17,'SystemConfig','SystemConfig'),
  (20,0,16,'Security','Security'),
  (21,0,20,'ListUser','ListUser'),
  (22,0,20,'ListGroup','ListGroup'),
  (23,0,20,'EditGroup','EditGroup'),
  (24,0,20,'EditPrivilege','EditPrivilege'),
  (25,0,20,'UserGroup','UserGroup'),
  (26,0,20,'EditUser','EditUser'),
  (27,0,20,'Who','Who'),
  (28,0,20,'AddUser','AddUser'),
  (29,0,20,'Log','Log'),
  (30,0,20,'AddGroup','AddGroup'),
  (31,0,20,'DeleteUser','DeleteUser'),
  (32,0,16,'GameMaster','GameMaster'),
  (33,0,32,'MessageCenter','MessageCenter'),
  (34,0,32,'GameSetting','GameSetting'),
  (35,0,32,'GMCommand','GMCommand'),
  (36,0,32,'PlayerWho','PlayerWho'),
  (37,0,32,'QueryRole','QueryRole'),
  (38,0,32,'RoleDetail','RoleDetail'),
  (39,0,16,'GameInfo','GameInfo'),
  (40,0,39,'Statistic','Statistic'),
  (41,0,40,'EasyStatistic','EasyStatistic'),
  (42,0,40,'RoleCountStatistic','RoleCountStatistic'),
  (43,0,40,'AdvancedStatistic','AdvancedStatistic'),
  (44,0,40,'NpcDeathStatistic','NpcDeathStatistic'),
  (45,0,40,'ExpStatistic','ExpStatistic'),
  (46,0,39,'TopPlayer','TopPlayer'),
  (47,0,16,'UpdateServer','UpdateServer'),
  (48,0,47,'UpdateManagement','UpdateManagement'),
  (49,0,47,'UploadFiles','UploadFiles'),
  (50,0,47,'UpdateServerConfig','UpdateServerConfig'),
  (51,0,47,'AddUpdateServer','AddUpdateServer'),
  (52,0,47,'EditUpdateServer','EditUpdateServer'),
  (53,0,47,'UpdateServerState','UpdateServerState'),
  (54,0,16,'Automation','Automation'),
  (55,0,54,'ScheduledTaskList','ScheduledTaskList'),
  (56,0,54,'StrategyList','StrategyList'),
  (57,0,54,'AddScheduledTask','AddScheduledTask'),
  (58,0,54,'AddStrategy','AddStrategy'),
  (59,0,16,'GameServer','GameServer'),
  (60,0,59,'ServerList','ServerList'),
  (61,0,59,'ServerOverview','ServerOverview'),
  (62,0,59,'ServerControl','ServerControl'),
  (63,0,59,'Console','Console'),
  (64,0,59,'AlertConfig','AlertConfig'),
  (65,0,59,'UploadFile','UploadFile'),
  (66,0,59,'ListFile','ListFile'),
  (67,0,59,'EditServer','EditServer'),
  (68,0,59,'DeleteServer','DeleteServer'),
  (69,0,59,'PlayerCount','PlayerCount'),
  (70,0,59,'ServerGroupManagement','ServerGroupManagement'),
  (71,0,59,'ServerDetail','ServerDetail'),
  (72,0,59,'AdvancedPlayerCount','AdvancedPlayerCount'),
  (73,0,2,'UpdateManagement','UpdateManagement'),
  (74,0,73,'UpdateServer','UpdateServer'),
  (957,0,951,'Disk',''),
  (76,0,59,'AlertCondition','AlertCondition'),
  (77,0,20,'DeleteGroup','DeleteGroup'),
  (78,0,40,'ActivePlayerStatistic','ActivePlayerStatistic'),
  (79,0,40,'AuctionStatistic','AuctionStatistic'),
  (80,0,40,'ItemStatistic','ItemStatistic'),
  (81,0,40,'LevelDistribution','LevelDistribution'),
  (82,0,40,'MoneyStatistic','MoneyStatistic'),
  (83,0,40,'NpcDropItemStatistic','NpcDropItemStatistic'),
  (84,0,40,'ProfessionalSexStatistic','ProfessionalSexStatistic'),
  (85,0,40,'RoleCountStatistic','RoleCountStatistic'),
  (86,0,40,'TaiSuiStatistic','TaiSuiStatistic'),
  (87,0,32,'ChatMonitor','ChatMonitor'),
  (88,0,32,'ItemExchange','ItemExchange'),
  (89,0,32,'ItemFlow','ItemFlow'),
  (90,0,32,'OperationQuery','OperationQuery'),
  (91,0,32,'PlayerMonitor','PlayerMonitor'),
  (92,0,32,'RoleItemInfo','RoleItemInfo'),
  (93,0,32,'RoleSkillInfo','RoleSkillInfo'),
  (94,0,32,'SendMail','SendMail'),
  (95,0,54,'BatchTask','BatchTask'),
  (96,0,54,'BatchTaskDetail','BatchTaskDetail'),
  (97,0,54,'EditBatchTask','EditBatchTask'),
  (98,0,16,'Paysys','Paysys'),
  (99,0,98,'AccountInfo','AccountInfo'),
  (100,0,98,'AccountPassword','AccountPassword'),
  (101,0,98,'AccountState','AccountState'),
  (102,0,98,'GatewayInfo','GatewayInfo'),
  (103,0,98,'PaysysManagement','PaysysManagement'),
  (104,0,40,'MailStatistic','MailStatistic'),
  (105,0,40,'SocialRelationStatistic','SocialRelationStatistic'),
  (106,0,40,'ClanMemberStatistic','ClanMemberStatistic'),
  (107,0,59,'DatabaseInfo','DatabaseInfo'),
  (108,0,2,'BatchTaskManager','BatchTaskManager'),
  (956,0,951,'Cpu',''),
  (515,0,8,'douhao','douhao'),
  (948,0,940,'Memory',''),
  (892,0,885,'FMTask',''),
  (893,0,885,'Memory',''),
  (894,0,694,'liujun_','liujun_'),
  (895,0,894,'Console',''),
  (120,0,74,'192.168.22.32',''),
  (139,0,59,'ServerOverviewPlayerCount',''),
  (941,0,940,'PlugIn',''),
  (942,0,940,'Process',''),
  (943,0,940,'NetCard',''),
  (944,0,940,'BasicInfo',''),
  (945,0,940,'Cpu',''),
  (946,0,940,'Disk',''),
  (947,0,940,'FMTask',''),
  (132,0,4,'huangbiao','huangbiao'),
  (133,0,4,'wangzhiguang','wangzhiguang'),
  (134,0,4,'douhao','douhao'),
  (135,0,4,'wangbin','wangbin'),
  (136,0,4,'liujun','liujun'),
  (137,0,4,'liyang','liyang'),
  (138,0,2,'UpdateManager',''),
  (949,0,694,'liujun_09','liujun_09'),
  (950,0,949,'Console',''),
  (951,0,949,'ServerInfo',''),
  (952,0,951,'PlugIn',''),
  (953,0,951,'Process',''),
  (954,0,951,'NetCard',''),
  (604,0,8,'wzgTestGroup','NewGroupComment'),
  (959,0,951,'Memory',''),
  (1401,0,8,'',''),
  (1436,0,1401,'_','_'),
  (1437,0,1436,'Console',''),
  (1438,0,1436,'ServerInfo',''),
  (1391,0,1390,'Console',''),
  (891,0,885,'Disk',''),
  (890,0,885,'Cpu',''),
  (889,0,885,'BasicInfo',''),
  (888,0,885,'NetCard',''),
  (887,0,885,'Process',''),
  (886,0,885,'PlugIn',''),
  (1158,0,783,'huangbiao_01','huangbiao_01'),
  (1159,0,1158,'Console',''),
  (1160,0,1158,'ServerInfo',''),
  (1161,0,1160,'PlugIn',''),
  (1162,0,1160,'Process',''),
  (1163,0,1160,'NetCard',''),
  (1164,0,1160,'BasicInfo',''),
  (1165,0,1160,'Cpu',''),
  (1166,0,1160,'Disk',''),
  (1167,0,1160,'FMTask',''),
  (1168,0,1160,'Memory',''),
  (883,0,694,'liujun_','liujun_'),
  (884,0,883,'Console',''),
  (885,0,883,'ServerInfo',''),
  (256,0,8,'22.57','22.57'),
  (937,0,929,'Memory',''),
  (896,0,894,'ServerInfo',''),
  (897,0,896,'PlugIn',''),
  (898,0,896,'Process',''),
  (899,0,896,'NetCard',''),
  (900,0,896,'BasicInfo',''),
  (901,0,896,'Cpu',''),
  (902,0,896,'Disk',''),
  (903,0,896,'FMTask',''),
  (904,0,896,'Memory',''),
  (905,0,694,'liujun_','liujun_'),
  (906,0,905,'Console',''),
  (907,0,905,'ServerInfo',''),
  (908,0,907,'PlugIn',''),
  (909,0,907,'Process',''),
  (910,0,907,'NetCard',''),
  (911,0,907,'BasicInfo',''),
  (912,0,907,'Cpu',''),
  (913,0,907,'Disk',''),
  (914,0,907,'FMTask',''),
  (915,0,907,'Memory',''),
  (916,0,694,'liujun_06','liujun_06'),
  (917,0,916,'Console',''),
  (918,0,916,'ServerInfo',''),
  (919,0,918,'PlugIn',''),
  (920,0,918,'Process',''),
  (921,0,918,'NetCard',''),
  (922,0,918,'BasicInfo',''),
  (923,0,918,'Cpu',''),
  (924,0,918,'Disk',''),
  (925,0,918,'FMTask',''),
  (926,0,918,'Memory',''),
  (927,0,694,'liujun_07','liujun_07'),
  (928,0,927,'Console',''),
  (929,0,927,'ServerInfo',''),
  (930,0,929,'PlugIn',''),
  (931,0,929,'Process',''),
  (932,0,929,'NetCard',''),
  (933,0,929,'BasicInfo',''),
  (934,0,929,'Cpu',''),
  (935,0,929,'Disk',''),
  (936,0,929,'FMTask',''),
  (693,0,8,'NewGroup','NewGroupComment'),
  (694,0,8,'liujun','snail'),
  (955,0,951,'BasicInfo',''),
  (940,0,938,'ServerInfo',''),
  (939,0,938,'Console',''),
  (938,0,694,'liujun_08','liujun_08'),
  (1435,0,1427,'Memory',''),
  (1434,0,1427,'FMTask',''),
  (1426,0,1425,'Console',''),
  (1427,0,1425,'ServerInfo',''),
  (1428,0,1427,'PlugIn',''),
  (1429,0,1427,'Process',''),
  (1430,0,1427,'NetCard',''),
  (1431,0,1427,'BasicInfo',''),
  (1432,0,1427,'Cpu',''),
  (1433,0,1427,'Disk',''),
  (1425,0,1213,'temp_','temp_'),
  (783,0,8,'huangbiao',''),
  (1400,0,1392,'Memory',''),
  (1415,0,1414,'Console',''),
  (1416,0,1414,'ServerInfo',''),
  (1424,0,1416,'Memory',''),
  (1423,0,1416,'FMTask',''),
  (1417,0,1416,'PlugIn',''),
  (1418,0,1416,'Process',''),
  (1419,0,1416,'NetCard',''),
  (1420,0,1416,'BasicInfo',''),
  (1421,0,1416,'Cpu',''),
  (1422,0,1416,'Disk',''),
  (1390,0,693,'NewGroup_01','NewGroup_01'),
  (1414,0,604,'wzgTestGroup_','wzgTestGroup_'),
  (1446,0,1438,'Memory',''),
  (1445,0,1438,'FMTask',''),
  (1444,0,1438,'Disk',''),
  (1443,0,1438,'Cpu',''),
  (1442,0,1438,'BasicInfo',''),
  (1441,0,1438,'NetCard',''),
  (1440,0,1438,'Process',''),
  (1439,0,1438,'PlugIn',''),
  (1392,0,1390,'ServerInfo',''),
  (1393,0,1392,'PlugIn',''),
  (1394,0,1392,'Process',''),
  (1395,0,1392,'NetCard',''),
  (1396,0,1392,'BasicInfo',''),
  (1399,0,1392,'FMTask',''),
  (1398,0,1392,'Disk',''),
  (1397,0,1392,'Cpu',''),
  (1213,0,8,'temp','temp'),
  (1368,0,783,'huangbiao_02','huangbiao_02'),
  (1369,0,1368,'Console',''),
  (1370,0,1368,'ServerInfo',''),
  (1371,0,1370,'PlugIn',''),
  (1372,0,1370,'Process',''),
  (1373,0,1370,'NetCard',''),
  (1374,0,1370,'BasicInfo',''),
  (1375,0,1370,'Cpu',''),
  (1376,0,1370,'Disk',''),
  (1377,0,1370,'FMTask',''),
  (1378,0,1370,'Memory','');

COMMIT;

#
# Data for the `game_server` table  (LIMIT 0,500)
#

INSERT INTO `game_server` (`id`, `net_address`, `game_dir`, `lord_port`, `max_player`, `intranet_mask`, `internet_mask`, `paysys_ip`, `paysys_port`, `paysys_login_name`, `paysys_login_pwd`, `db_host`, `db_name`, `db_login_name`, `db_login_pwd`, `db_backup_dir`, `fseye_ip`, `fseye_port`, `has_been_config_guard`, `server_type`, `ConfigString`, `FtpServer`, `gmc_ip`, `gmc_account`) VALUES 
  (938,'192.168.20.198','../gameserver08/',NULL,NULL,NULL,NULL,NULL,NULL,NULL,NULL,'192.168.20.198','fsonline2','fseye','fseye','dbbackupdir\\','192.168.20.198',5678,3,1,';Config Created Automatically by JXSJEYES\r\n\r\n;Config Created Automatically by JXSJEYES\r\n\r\n;WROTEN BY',120,NULL,NULL),
  (949,'192.168.20.198','../gameserver09/',NULL,NULL,NULL,NULL,NULL,NULL,NULL,NULL,'192.168.20.198','fsonline2','fseye','fseye','dbbackupdir\\','192.168.20.198',5678,3,1,';Config Created Automatically by JXSJEYES\r\n\r\n;Config Created Automatically by JXSJEYES\r\n\r\n;WROTEN BY',120,NULL,NULL),
  (1436,'127.0.0.0','../unidentified/',NULL,NULL,NULL,NULL,NULL,NULL,NULL,NULL,NULL,NULL,NULL,NULL,NULL,NULL,NULL,0,0,'\r\n',120,NULL,NULL),
  (1414,'2.0.2.3','../databaseserver/',NULL,NULL,NULL,NULL,NULL,NULL,NULL,NULL,NULL,NULL,NULL,NULL,NULL,NULL,NULL,0,2,'[db]\r\n',-1,NULL,NULL),
  (1425,'192.168.2.1','../databaseserver/',NULL,NULL,NULL,NULL,NULL,NULL,NULL,NULL,NULL,NULL,NULL,NULL,NULL,NULL,NULL,0,2,'[db]\r\n',-1,NULL,NULL),
  (1390,'192.168.22.103','../gameserver01/',NULL,NULL,NULL,NULL,NULL,NULL,NULL,NULL,NULL,NULL,NULL,NULL,NULL,NULL,NULL,0,1,'[Gateway]\r\nIp=127.0.0.1\r\nPort=5633\r\n\r\n[Database]\r\nIp=127.0.0.1\r\nPort=5001\r\n\r\n[Log]\r\nIp=127.0.0.1\r\nPort=5656\r\n\r\n[Gamecenter]\r\nIp=127.0.0.1\r\nPort=5135\r\n\r\n[GameServer]\r\nServerID=11111\r\nInAdapterIdx=1\r\nOutAdapterIdx=1\r\nInIp=\r\nOutIp=\r\nPort=6041\r\nSendInterval=4\r\n\r\n[Overload]\r\nMaxPlayer=1200\r\nPrecision=100\r\n\r\n;MiniServer\r\n[WorldSet]\r\nCount=8\r\nWorld00=1\r\nWorld01=2\r\nWorld02=3\r\nWorld03=4\r\nWorld04=5\r\nWorld05=6\r\nWorld06=7\r\nWorld07=8\r\n',120,NULL,NULL),
  (883,'192.168.20.198','../bishop/',NULL,NULL,NULL,NULL,NULL,NULL,NULL,NULL,'192.168.20.198','fsonline2','fseye','fseye','dbbackupdir\\','192.168.20.198',5678,3,3,';Config Created Automatically by JXSJEYES\r\n\r\n;Config Created Automatically by JXSJEYES\r\n\r\n;WROTEN BY',120,NULL,NULL),
  (894,'192.168.20.198','../goddess/',NULL,NULL,NULL,NULL,NULL,NULL,NULL,NULL,'192.168.20.198','fsonline2','fseye','fseye','dbbackupdir\\','192.168.20.198',5678,3,4,';Config Created Automatically by JXSJEYES\r\n\r\n;Config Created Automatically by JXSJEYES\r\n\r\n;WROTEN BY',120,NULL,NULL),
  (905,'192.168.20.198','../gamecenter/',NULL,NULL,NULL,NULL,NULL,NULL,NULL,NULL,'192.168.20.198','fsonline2','fseye','fseye','dbbackupdir\\','192.168.20.198',5678,3,5,';Config Created Automatically by JXSJEYES\r\n\r\n;Config Created Automatically by JXSJEYES\r\n\r\n;WROTEN BY',120,NULL,NULL),
  (916,'192.168.20.198','../gameserver06/',NULL,NULL,NULL,NULL,NULL,NULL,NULL,NULL,'192.168.20.198','fsonline2','fseye','fseye','dbbackupdir\\','192.168.20.198',5678,3,1,';Config Created Automatically by JXSJEYES\r\n\r\n;Config Created Automatically by JXSJEYES\r\n\r\n;WROTEN BY',120,NULL,NULL),
  (927,'192.168.20.198','../gameserver07/',NULL,NULL,NULL,NULL,NULL,NULL,NULL,NULL,'192.168.20.198','fsonline2','fseye','fseye','dbbackupdir\\','192.168.20.198',5678,3,1,';Config Created Automatically by JXSJEYES\r\n\r\n;Config Created Automatically by JXSJEYES\r\n\r\n;WROTEN BY',120,NULL,NULL),
  (1158,'192.168.20.74','../gameserver01/',NULL,NULL,NULL,NULL,NULL,NULL,NULL,NULL,NULL,NULL,NULL,NULL,NULL,'192.168.20.74',5678,3,1,'[Gateway]\r\nIp=127.0.0.1\r\nPort=5633\r\n\r\n[Database]\r\nIp=127.0.0.1\r\nPort=5001\r\n\r\n[Log]\r\nIp=127.0.0.1\r\nPo',120,NULL,NULL),
  (1368,'192.168.20.74','../gameserver02/',NULL,NULL,NULL,NULL,NULL,NULL,NULL,NULL,NULL,NULL,NULL,NULL,NULL,'192.168.20.74',5678,3,1,'[Gateway]\r\nIp=127.0.0.1\r\nPort=5633\r\n\r\n[Database]\r\nIp=127.0.0.1\r\nPort=5001\r\n\r\n[Log]\r\nIp=127.0.0.1\r\nPort=5656\r\n\r\n[Gamecenter]\r\nIp=127.0.0.1\r\nPort=5135\r\n\r\n[GameServer]\r\nServerID=11111\r\nInAdapterIdx=1\r\nOutAdapterIdx=1\r\nInIp=\r\nOutIp=\r\nPort=6041\r\nSendInterval=4\r\n\r\n[Overload]\r\nMaxPlayer=1200\r\nPrecision=100\r\n\r\n;MiniServer\r\n[WorldSet]\r\nCount=8\r\nWorld00=1\r\nWorld01=2\r\nWorld02=3\r\nWorld03=4\r\nWorld04=5\r\nWorld05=6\r\nWorld06=7\r\nWorld07=8\r\n',120,NULL,NULL);

COMMIT;

#
# Data for the `player_count` table  (LIMIT 0,500)
#

INSERT INTO `player_count` (`SERVER_ID`, `RECORD_TIME`, `MAX_PLAYER_COUNT`, `MIN_PLAYER_COUNT`, `AVERAGE_PLAYER_COUNT`) VALUES 
  (275,'2008-05-22 11:03:08',1,0,0),
  (279,'2008-05-24 19:15:17',0,0,0),
  (1103,'2008-05-29 23:23:06',0,0,0);

COMMIT;

#
# Data for the `server_event` table  (LIMIT 0,500)
#

INSERT INTO `server_event` (`server_id`, `event_time`, `event_type`) VALUES 
  (286,'2008-05-22 10:44:45',5),
  (275,'2008-05-22 10:45:36',5),
  (275,'2008-05-22 10:46:58',4),
  (275,'2008-05-22 10:53:17',5),
  (275,'2008-05-22 11:02:16',4),
  (275,'2008-05-22 11:04:00',5),
  (275,'2008-05-22 11:06:18',4),
  (275,'2008-05-22 11:07:22',5),
  (1081,'2008-05-29 22:59:38',4),
  (1092,'2008-05-29 22:59:38',4),
  (1081,'2008-05-29 23:00:21',4),
  (1092,'2008-05-29 23:00:21',4),
  (1081,'2008-05-29 23:00:34',4),
  (1092,'2008-05-29 23:00:35',4),
  (1081,'2008-05-29 23:01:21',4),
  (1092,'2008-05-29 23:01:21',4),
  (1081,'2008-05-29 23:20:32',4),
  (1092,'2008-05-29 23:20:33',4),
  (1114,'2008-05-29 23:24:27',4),
  (1114,'2008-05-29 23:25:56',2),
  (1103,'2008-05-29 23:26:36',2),
  (1081,'2008-05-29 23:27:17',2),
  (1092,'2008-05-29 23:27:17',4);

COMMIT;

#
# Data for the `server_group` table  (LIMIT 0,500)
#

INSERT INTO `server_group` (`ID`, `TYPE`, `GroupEnable`) VALUES 
  (693,0,1),
  (604,0,0),
  (256,1,1),
  (515,1,1),
  (694,0,1),
  (783,0,1),
  (1213,0,1),
  (1401,0,1);

COMMIT;

#
# Data for the `server_map` table  (LIMIT 0,500)
#

INSERT INTO `server_map` (`ID`, `parent_id`, `name`, `map_type`, `map_index`, `flag`, `map_server_id`) VALUES 
  (1,0,'Zone1',0,0,0,-1),
  (2,1,'Group',1,0,0,-1),
  (6,2,'Nameddd',2,0,0,109),
  (3,1,'Group2',1,1,0,-1),
  (4,3,'asdfsdf',2,0,0,121),
  (5,3,'Name3',2,1,0,121);

COMMIT;

#
# Data for the `server_operation_log` table  (LIMIT 0,500)
#

INSERT INTO `server_operation_log` (`operation_id`, `user_id`, `server_or_group`, `target_id`, `operation_type`, `operation_result`, `description`, `log_time`, `id`, `fatherRegion`) VALUES 
  (63,-1,-1,-1,-1,-1,'-1','0001-01-01',1,NULL),
  (1,6,1,-2,2,1,': 2008-5-30 17:02:02','2008-05-30 17:02:02',2,NULL),
  (2,6,1,-2,3,1,'22.57;wzgTestGroup;: 2008-5-30 17:02:18  update.tar.gz(D78A1CC329218411141B698194898DE6)','2008-05-30 17:02:19',3,NULL),
  (2,6,1,604,3,0,'3.3.3.3: FTP','2008-05-30 17:02:24',4,NULL),
  (2,6,1,604,3,0,'2.2.2.2: FTP','2008-05-30 17:02:29',5,NULL),
  (2,6,1,256,3,1,'192.168.22.57download ftp://192.168.22.32/update.tar.gz OK','2008-05-30 17:02:39',6,NULL),
  (2,6,1,604,3,1,'192.168.22.57download ftp://192.168.22.32/update.tar.gz OK','2008-05-30 17:02:39',7,NULL),
  (3,6,1,-2,3,1,'wzgTestGroup;: 2008-5-30 17:26:11  up20080520.tar.gz(D117751F3CBD1EBF68E10054303EF951)','2008-05-30 17:26:11',8,NULL),
  (3,6,1,604,3,0,'3.3.3.3: FTP','2008-05-30 17:26:17',9,NULL),
  (3,6,1,604,3,0,'2.2.2.2: FTP','2008-05-30 17:26:22',10,NULL),
  (4,6,1,-2,3,1,'wzgTestGroup;huangbiao;: 2008-5-30 17:28:42  up20080520.tar.gz(D117751F3CBD1EBF68E10054303EF951)','2008-05-30 17:29:48',11,NULL),
  (4,6,1,604,3,0,'3.3.3.3: FTP','2008-05-30 17:29:54',12,NULL),
  (4,6,1,783,3,0,'3.3.3.3: FTP','2008-05-30 17:29:54',13,NULL),
  (4,6,1,604,3,0,'2.2.2.2: FTP','2008-05-30 17:29:59',14,NULL),
  (4,6,1,783,3,0,'2.2.2.2: FTP','2008-05-30 17:29:59',15,NULL),
  (4,6,1,783,3,1,'192.168.20.74download ftp://192.168.22.32/up20080520.tar.gz OK','2008-05-30 17:30:04',16,NULL),
  (5,6,1,-2,3,1,'huangbiao;wzgTestGroup;: 2008-5-30 17:50:52  up20080520.tar.gz(D117751F3CBD1EBF68E10054303EF951)','2008-05-30 17:50:55',17,NULL),
  (5,6,1,604,3,0,'3.3.3.3: FTP','2008-05-30 17:51:08',18,NULL),
  (5,6,1,783,3,1,'192.168.20.74download ftp://192.168.22.32/up20080520.tar.gz OK','2008-05-30 17:51:27',19,NULL),
  (5,6,1,604,3,1,'192.168.20.74download ftp://192.168.22.32/up20080520.tar.gz OK','2008-05-30 17:51:27',20,NULL),
  (5,6,1,604,3,0,'2.2.2.2: FTP','2008-05-30 17:51:34',21,NULL),
  (6,6,1,-2,3,1,'huangbiao;wzgTestGroup;: 2008-5-30 17:56:21  up20080520.tar.gz(D117751F3CBD1EBF68E10054303EF951)','2008-05-30 17:56:22',22,NULL),
  (6,6,1,604,3,0,'3.3.3.3: FTP','2008-05-30 17:56:33',23,NULL),
  (6,6,1,783,3,1,'192.168.20.74download ftp://192.168.22.32/up20080520.tar.gz OK','2008-05-30 17:56:40',24,NULL),
  (6,6,1,604,3,1,'192.168.20.74download ftp://192.168.22.32/up20080520.tar.gz OK','2008-05-30 17:56:40',25,NULL),
  (6,6,1,604,3,0,'2.2.2.2: FTP','2008-05-30 17:56:42',26,NULL),
  (7,6,1,-2,3,1,'wzgTestGroup;huangbiao;: 2008-5-30 17:59:05  up20080520.tar.gz(D117751F3CBD1EBF68E10054303EF951)','2008-05-30 17:59:05',27,NULL),
  (7,6,1,604,3,0,'3.3.3.3: FTP','2008-05-30 17:59:15',28,NULL),
  (7,6,1,783,3,0,'3.3.3.3: FTP','2008-05-30 17:59:15',29,NULL),
  (7,6,1,604,3,0,'2.2.2.2: FTP','2008-05-30 17:59:22',30,NULL),
  (7,6,1,783,3,0,'2.2.2.2: FTP','2008-05-30 17:59:22',31,NULL),
  (7,6,1,783,3,1,'192.168.20.74download ftp://192.168.22.32/up20080520.tar.gz OK','2008-05-30 17:59:29',32,NULL),
  (8,6,1,-2,3,1,'wzgTestGroup;huangbiao;: 2008-5-31 14:06:15  up20080520.tar.gz(D117751F3CBD1EBF68E10054303EF951)','2008-05-31 14:06:16',33,NULL),
  (8,6,1,604,3,0,'3.3.3.3: FTP','2008-05-31 14:06:25',34,NULL),
  (8,6,1,783,3,0,'3.3.3.3: FTP','2008-05-31 14:06:25',35,NULL),
  (8,6,1,604,3,0,'2.2.2.2: FTP','2008-05-31 14:06:31',36,NULL),
  (8,6,1,783,3,0,'2.2.2.2: FTP','2008-05-31 14:06:31',37,NULL),
  (8,6,1,783,3,1,'192.168.20.74download ftp://192.168.22.32/up20080520.tar.gz OK','2008-05-31 14:06:39',38,NULL),
  (9,6,1,-2,3,1,'wzgTestGroup;huangbiao;: 2008-5-31 14:08:43  python-2.5.1.msi(A1D1A9C07BC4C78BD8FA05DD3EFEC87F)','2008-05-31 14:08:43',39,NULL),
  (9,6,1,604,3,0,'3.3.3.3: FTP','2008-05-31 14:08:51',40,NULL),
  (9,6,1,783,3,0,'3.3.3.3: FTP','2008-05-31 14:08:51',41,NULL),
  (9,6,1,604,3,0,'2.2.2.2: FTP','2008-05-31 14:08:57',42,NULL),
  (9,6,1,783,3,0,'2.2.2.2: FTP','2008-05-31 14:08:57',43,NULL),
  (9,6,1,783,3,1,'192.168.20.74download ftp://192.168.22.32/python-2.5.1.msi OK','2008-05-31 14:08:59',44,NULL),
  (10,6,1,-2,3,1,'liujun;huangbiao;: 2008-5-31 14:09:53','2008-05-31 14:09:53',45,NULL),
  (11,6,1,-2,3,1,'liujun;huangbiao;: 2008-5-31 14:09:56  python-2.5.1.msi(A1D1A9C07BC4C78BD8FA05DD3EFEC87F)','2008-05-31 14:09:56',46,NULL),
  (11,6,1,694,3,0,'192.168.20.198: ','2008-05-31 14:10:02',47,NULL),
  (11,6,1,783,3,0,'192.168.20.198: ','2008-05-31 14:10:02',48,NULL),
  (11,6,1,783,3,1,'192.168.20.74download ftp://192.168.22.32/python-2.5.1.msi OK','2008-05-31 14:10:07',49,NULL),
  (12,6,1,-2,3,1,'liujun;huangbiao;: 2008-5-31 14:11:19  python-2.5.1.msi(A1D1A9C07BC4C78BD8FA05DD3EFEC87F)','2008-05-31 14:11:19',50,NULL),
  (12,6,1,694,3,0,'192.168.20.198: ','2008-05-31 14:11:36',51,NULL),
  (12,6,1,783,3,0,'192.168.20.198: ','2008-05-31 14:11:36',52,NULL),
  (12,6,1,783,3,1,'192.168.20.74download ftp://192.168.22.32/python-2.5.1.msi OK','2008-05-31 14:11:45',53,NULL),
  (13,6,1,-2,3,1,'liujun;huangbiao;: 2008-5-31 14:12:45  python-2.5.1.msi(A1D1A9C07BC4C78BD8FA05DD3EFEC87F)','2008-05-31 14:12:46',54,NULL),
  (13,6,1,694,3,0,'192.168.20.198: ','2008-05-31 14:12:55',55,NULL),
  (13,6,1,783,3,0,'192.168.20.198: ','2008-05-31 14:13:13',56,NULL),
  (13,6,1,783,3,1,'192.168.20.74download ftp://192.168.22.32/python-2.5.1.msi OK','2008-05-31 14:13:56',57,NULL),
  (14,6,1,-2,3,1,'liujun;huangbiao;: 2008-5-31 14:15:39  python-2.5.1.msi(A1D1A9C07BC4C78BD8FA05DD3EFEC87F)','2008-05-31 14:15:40',58,NULL),
  (14,6,1,694,3,0,'192.168.20.198: ','2008-05-31 14:15:50',59,NULL),
  (14,6,1,783,3,0,'192.168.20.198: ','2008-05-31 14:16:36',60,NULL),
  (15,6,1,-2,3,1,'liujun;huangbiao;: 2008-5-31 14:20:06  python-2.5.1.msi(A1D1A9C07BC4C78BD8FA05DD3EFEC87F)','2008-05-31 14:20:06',61,NULL),
  (15,6,1,694,3,0,'192.168.20.198: ','2008-05-31 14:20:14',62,NULL),
  (15,6,1,783,3,1,'192.168.20.74download ftp://192.168.22.32/python-2.5.1.msi OK','2008-05-31 14:20:53',63,NULL),
  (16,132,1,-2,3,1,'liujun;huangbiao;: 2008-5-31 14:33:54  python-2.5.1.msi(A1D1A9C07BC4C78BD8FA05DD3EFEC87F)','2008-05-31 14:33:54',64,NULL),
  (16,132,1,694,3,0,'192.168.20.198: ','2008-05-31 14:34:04',65,NULL),
  (16,132,1,783,3,1,'192.168.20.74download ftp://192.168.22.32/python-2.5.1.msi OK','2008-05-31 14:34:12',66,NULL),
  (17,132,1,-2,3,1,'liujun;huangbiao;: 2008-5-31 14:34:55  up20080520.tar.gz(D117751F3CBD1EBF68E10054303EF951)','2008-05-31 14:34:56',67,NULL),
  (17,132,1,694,3,0,'192.168.20.198: ','2008-05-31 14:35:01',68,NULL),
  (17,132,1,783,3,1,'192.168.20.74download ftp://192.168.22.32/up20080520.tar.gz OK','2008-05-31 14:35:15',69,NULL),
  (18,6,1,-2,3,1,'liujun;huangbiao;: 2008-5-31 14:37:01  python-2.5.1.msi(A1D1A9C07BC4C78BD8FA05DD3EFEC87F)','2008-05-31 14:37:01',70,NULL),
  (18,6,1,694,3,0,'192.168.20.198: ','2008-05-31 14:37:06',71,NULL),
  (18,6,1,783,3,1,'192.168.20.74download ftp://192.168.22.32/python-2.5.1.msi OK','2008-05-31 14:37:11',72,NULL),
  (19,132,1,-2,3,1,'liujun;huangbiao;: 2008-6-2 9:26:49  up20080520.tar.gz(D117751F3CBD1EBF68E10054303EF951)','2008-06-02 09:26:50',73,NULL),
  (19,132,1,694,3,0,'192.168.20.198: ','2008-06-02 09:26:56',74,NULL),
  (19,132,1,783,3,0,'192.168.20.74: ','2008-06-02 09:26:56',75,NULL),
  (20,6,1,-2,3,1,'huangbiao;liujun;: 2008-6-2 10:01:11  up20080520.tar.gz(D117751F3CBD1EBF68E10054303EF951)','2008-06-02 10:01:11',76,NULL),
  (20,6,1,694,3,0,'192.168.20.198: ','2008-06-02 10:01:17',77,NULL),
  (20,6,1,783,3,1,'192.168.20.74download ftp://192.168.22.32/up20080520.tar.gz OK','2008-06-02 10:01:32',78,NULL),
  (21,132,1,-2,3,1,'wzgTestGroup;huangbiao;: 2008-6-2 15:36:08  up20080520.tar.gz(D117751F3CBD1EBF68E10054303EF951)','2008-06-02 15:36:09',79,NULL),
  (21,132,1,604,3,0,'3.3.3.3: FTP','2008-06-02 15:36:10',80,NULL),
  (21,132,1,604,3,0,'2.2.2.2: FTP','2008-06-02 15:36:15',81,NULL),
  (21,132,1,783,3,1,'192.168.20.74download ftp://192.168.22.32/up20080520.tar.gz OK','2008-06-02 15:36:25',82,NULL),
  (22,132,1,-2,3,1,'liujun;huangbiao;NewGroup;: 2008-6-2 20:06:55  up20080520.tar.gz(D117751F3CBD1EBF68E10054303EF951)','2008-06-02 20:06:55',83,NULL),
  (22,132,1,693,3,0,'192.168.20.191: ','2008-06-02 20:07:01',84,NULL),
  (22,132,1,694,3,1,'192.168.20.198download ftp://192.168.22.32/up20080520.tar.gz OK','2008-06-02 20:07:16',85,NULL),
  (22,132,1,783,3,1,'192.168.20.74download ftp://192.168.22.32/up20080520.tar.gz OK','2008-06-02 20:07:16',86,NULL),
  (23,132,1,-2,2,1,'liujun;huangbiao;: 2008-6-2 20:07:39  up20080520.tar.gz(D117751F3CBD1EBF68E10054303EF951)','2008-06-02 20:07:39',87,NULL),
  (23,132,1,694,2,1,'192.168.20.198copy 108 files OK','2008-06-02 20:08:16',88,NULL),
  (23,132,1,783,2,1,'192.168.20.74copy 56 files OK','2008-06-02 20:08:16',89,NULL),
  (24,132,1,-2,3,1,'liujun;NewGroup;huangbiao;: 2008-6-2 20:10:08  up20080520.tar.gz(D117751F3CBD1EBF68E10054303EF951)','2008-06-02 20:10:08',90,NULL),
  (24,132,1,693,3,0,'192.168.20.191: ','2008-06-02 20:10:14',91,NULL),
  (24,132,1,694,3,1,'192.168.20.198download ftp://192.168.22.32/up20080520.tar.gz OK','2008-06-02 20:10:29',92,NULL),
  (24,132,1,783,3,1,'192.168.20.74download ftp://192.168.22.32/up20080520.tar.gz OK','2008-06-02 20:10:29',93,NULL),
  (24,132,1,783,3,0,'192.168.1.1: ','2008-06-02 20:10:34',94,NULL),
  (25,132,1,-2,3,1,'liujun;huangbiao;NewGroup;: 2008-6-2 20:17:33  up20080520.tar.gz(D117751F3CBD1EBF68E10054303EF951)','2008-06-02 20:17:33',95,NULL),
  (25,132,1,693,3,0,'192.168.20.191: ','2008-06-02 20:17:39',96,NULL),
  (25,132,1,694,3,1,'192.168.20.198download ftp://192.168.22.32/up20080520.tar.gz OK','2008-06-02 20:17:54',97,NULL),
  (25,132,1,783,3,1,'192.168.20.74download ftp://192.168.22.32/up20080520.tar.gz OK','2008-06-02 20:17:54',98,NULL),
  (25,132,1,783,3,0,'192.168.1.1: ','2008-06-02 20:17:59',99,NULL),
  (26,6,1,-2,3,1,'liujun;huangbiao;: 2008-6-2 20:43:15  up20080520.tar.gz(D117751F3CBD1EBF68E10054303EF951)','2008-06-02 20:43:15',100,NULL),
  (26,6,1,694,3,1,'192.168.20.198download ftp://192.168.22.32/up20080520.tar.gz OK','2008-06-02 20:43:36',101,NULL),
  (26,6,1,783,3,1,'192.168.20.74download ftp://192.168.22.32/up20080520.tar.gz OK','2008-06-02 20:43:36',102,NULL),
  (26,6,1,783,3,0,'192.168.1.1: ','2008-06-02 20:43:41',103,NULL),
  (27,6,1,-2,3,1,'NewGroup;liujun;huangbiao;: 2008-6-2 20:46:24  up20080520.tar.gz(D117751F3CBD1EBF68E10054303EF951)','2008-06-02 20:46:25',104,NULL),
  (27,6,1,693,3,0,'192.168.20.191: ','2008-06-02 20:46:30',105,NULL),
  (27,6,1,694,3,1,'192.168.20.198download ftp://192.168.22.32/up20080520.tar.gz OK','2008-06-02 20:46:46',106,NULL),
  (27,6,1,783,3,1,'192.168.20.74download ftp://192.168.22.32/up20080520.tar.gz OK','2008-06-02 20:46:46',107,NULL),
  (27,6,1,783,3,0,'192.168.1.1: ','2008-06-02 20:46:51',108,NULL),
  (28,6,1,-2,3,1,'liujun;huangbiao;: 2008-6-2 20:48:15  up20080520.tar.gz(D117751F3CBD1EBF68E10054303EF951)','2008-06-02 20:48:15',109,NULL),
  (29,132,1,-2,3,1,'liujun;huangbiao;NewGroup;: 2008-6-2 20:56:00  python-2.5.1.msi(A1D1A9C07BC4C78BD8FA05DD3EFEC87F)','2008-06-02 20:56:01',110,NULL),
  (29,132,1,693,3,0,'192.168.20.191: ','2008-06-02 20:56:06',111,NULL),
  (29,132,1,694,3,1,'192.168.20.198download ftp://192.168.22.32/python-2.5.1.msi OK','2008-06-02 20:56:11',112,NULL),
  (29,132,1,783,3,1,'192.168.20.74download ftp://192.168.22.32/python-2.5.1.msi OK','2008-06-02 20:56:11',113,NULL),
  (29,132,1,783,3,0,'192.168.1.1: ','2008-06-02 20:56:16',114,NULL),
  (30,6,1,-2,3,1,'huangbiao;NewGroup;wzgTestGroup;: 2008-6-2 20:59:43  up20080520.tar.gz(D117751F3CBD1EBF68E10054303EF951)','2008-06-02 20:59:43',115,NULL),
  (31,132,1,-2,3,1,'wzgTestGroup;NewGroup;huangbiao;: 2008-6-2 21:01:26  up20080520.tar.gz(D117751F3CBD1EBF68E10054303EF951)','2008-06-02 21:01:27',116,NULL),
  (31,132,1,604,3,0,'3.3.3.3: FTP','2008-06-02 21:01:33',117,NULL),
  (31,132,1,693,3,0,'192.168.20.191: ','2008-06-02 21:01:33',118,NULL),
  (31,132,1,604,3,0,'2.2.2.2: FTP','2008-06-02 21:01:38',119,NULL),
  (31,132,1,783,3,1,'192.168.20.74download ftp://192.168.22.32/up20080520.tar.gz OK','2008-06-02 21:01:43',120,NULL),
  (31,132,1,783,3,0,'192.168.1.1: ','2008-06-02 21:01:48',121,NULL),
  (32,132,1,-2,3,1,'huangbiao;: 2008-6-2 21:02:06  up20080520.tar.gz(D117751F3CBD1EBF68E10054303EF951)','2008-06-02 21:02:06',122,NULL),
  (32,132,1,783,3,1,'192.168.20.74download ftp://192.168.22.32/up20080520.tar.gz OK','2008-06-02 21:02:22',123,NULL),
  (32,132,1,783,3,0,'192.168.1.1: ','2008-06-02 21:02:27',124,NULL),
  (33,132,1,-2,2,1,'huangbiao;: 2008-6-2 21:21:55  up20080520.tar.gz(D117751F3CBD1EBF68E10054303EF951)','2008-06-02 21:21:56',125,NULL),
  (33,132,1,783,2,1,'192.168.20.74copy 56 files OK','2008-06-02 21:22:30',126,NULL),
  (33,132,1,783,2,0,'192.168.1.1: ','2008-06-02 21:22:43',127,NULL),
  (34,132,1,-2,2,1,'huangbiao;: 2008-6-2 21:28:27  up20080520.tar.gz(D117751F3CBD1EBF68E10054303EF951)','2008-06-02 21:28:28',128,NULL),
  (34,132,1,783,2,1,'192.168.20.74copy 56 files OK','2008-06-02 21:28:54',129,NULL),
  (34,132,1,783,2,0,'192.168.1.1: ','2008-06-02 21:28:59',130,NULL),
  (35,132,1,-2,2,1,'huangbiao;: 2008-6-2 21:32:32  up20080520.tar.gz(D117751F3CBD1EBF68E10054303EF951)','2008-06-02 21:32:33',131,NULL),
  (35,132,1,783,2,1,'192.168.20.74copy 56 files OK','2008-06-02 21:33:02',132,NULL),
  (35,132,1,783,2,0,'192.168.1.1: ','2008-06-02 21:33:07',133,NULL),
  (36,6,1,-2,3,1,': 2008-6-5 10:24:21  python-2.5.1.msi(A1D1A9C07BC4C78BD8FA05DD3EFEC87F)','2008-06-05 10:24:22',134,NULL),
  (37,6,1,-2,3,1,'22.57;: 2008-6-5 10:27:01  python-2.5.1.msi(A1D1A9C07BC4C78BD8FA05DD3EFEC87F)','2008-06-05 10:27:01',135,NULL),
  (37,6,1,256,3,0,'192.168.22.57: ','2008-06-05 10:27:07',136,NULL),
  (38,6,1,-2,3,1,'wzgTestGroup;: 2008-6-5 10:50:38  python-2.5.1.msi(A1D1A9C07BC4C78BD8FA05DD3EFEC87F)','2008-06-05 10:50:38',137,NULL),
  (38,6,1,604,3,0,'3.3.3.3: FTP','2008-06-05 10:50:44',138,NULL),
  (38,6,1,604,3,0,'2.2.2.2: FTP','2008-06-05 10:50:49',139,NULL),
  (39,6,1,-2,3,1,'22.57;: 2008-6-5 11:04:12  python-2.5.1.msi(A1D1A9C07BC4C78BD8FA05DD3EFEC87F)','2008-06-05 11:04:12',140,NULL),
  (39,6,1,256,3,0,'192.168.22.57: ','2008-06-05 11:04:17',141,NULL),
  (40,132,1,-2,3,1,'liujun;huangbiao;: 2008-6-6 10:37:16  up20080520.tar.gz(D117751F3CBD1EBF68E10054303EF951)','2008-06-06 10:37:17',142,NULL),
  (40,132,1,694,3,1,'192.168.20.198download ftp://192.168.22.32/up20080520.tar.gz OK','2008-06-06 10:37:33',143,NULL),
  (40,132,1,783,3,1,'192.168.20.74download ftp://192.168.22.32/up20080520.tar.gz OK','2008-06-06 10:37:33',144,NULL),
  (40,132,1,783,3,0,'192.168.1.1: ','2008-06-06 10:37:38',145,NULL),
  (41,132,0,1379,0,0,'192.168.22.5722.57_01: ','2008-06-06 10:48:21',146,NULL),
  (42,132,1,-2,3,1,'22.57;NewGroup;liujun;huangbiao;: 2008-6-6 11:09:36  up20080520.tar.gz(D117751F3CBD1EBF68E10054303EF951)','2008-06-06 11:09:36',147,NULL),
  (42,132,1,694,3,1,'192.168.20.198download ftp://192.168.22.32/up20080520.tar.gz OK','2008-06-06 11:09:58',148,NULL),
  (42,132,1,783,3,1,'192.168.20.74download ftp://192.168.22.32/up20080520.tar.gz OK','2008-06-06 11:09:58',149,NULL),
  (42,132,1,256,3,0,'192.168.22.57: ','2008-06-06 11:12:22',150,NULL),
  (43,132,1,-2,2,1,'22.57;NewGroup;liujun;huangbiao;: 2008-6-6 11:15:33  up20080520.tar.gz(D117751F3CBD1EBF68E10054303EF951)','2008-06-06 11:15:38',151,NULL),
  (43,132,1,256,2,0,'192.168.22.57: ','2008-06-06 11:15:43',152,NULL),
  (43,132,1,694,2,1,'192.168.20.198copy 108 files OK','2008-06-06 11:16:05',153,NULL),
  (43,132,1,783,2,1,'192.168.20.74copy 56 files OK','2008-06-06 11:16:25',154,NULL),
  (44,132,1,-2,2,1,'22.57;NewGroup;liujun;huangbiao;: 2008-6-6 11:17:02  up20080520.tar.gz','2008-06-06 11:17:02',155,NULL),
  (44,132,1,256,2,0,'192.168.22.57: ','2008-06-06 11:17:07',156,NULL),
  (45,132,1,-2,2,1,'NewGroup;liujun;huangbiao;: 2008-6-6 11:33:26  up20080520.tar.gz(D117751F3CBD1EBF68E10054303EF951)','2008-06-06 11:33:27',157,NULL),
  (45,132,1,783,2,1,'192.168.20.74copy 56 files OK','2008-06-06 11:33:55',158,NULL),
  (45,132,1,694,2,1,'192.168.20.198copy 108 files OK','2008-06-06 11:34:00',159,NULL),
  (46,132,1,-2,3,1,'NewGroup;: 2008-6-7 13:51:05  up20080520.tar.gz(D117751F3CBD1EBF68E10054303EF951)','2008-06-07 13:51:07',160,NULL),
  (47,132,1,-2,3,1,'NewGroup;: 2008-6-7 14:21:47  python-2.5.1.msi(A1D1A9C07BC4C78BD8FA05DD3EFEC87F)','2008-06-07 14:21:47',161,NULL),
  (48,6,1,-2,3,1,'liujun;: 2008-6-7 14:48:38','2008-06-07 14:48:38',162,NULL),
  (49,6,1,-2,3,1,'NewGroup;: 2008-6-7 16:31:51  up20080520.tar.gz(D117751F3CBD1EBF68E10054303EF951)','2008-06-07 16:31:52',163,NULL),
  (49,6,1,693,3,0,'192.168.22.103: ','2008-06-07 16:31:52',164,NULL),
  (50,132,1,-2,4,1,'','2008-06-13 17:11:24',165,NULL),
  (51,132,1,-2,4,1,'liujun;','2008-06-13 17:11:35',166,NULL),
  (52,132,1,-2,4,1,'','2008-06-13 17:13:00',167,NULL),
  (53,132,1,-2,4,1,'liujun;','2008-06-13 17:13:06',168,NULL),
  (54,132,1,-2,4,1,'liujun;','2008-06-13 17:17:02',169,NULL),
  (55,132,1,-2,4,1,'liujun;','2008-06-13 17:18:09',170,NULL),
  (56,132,1,-2,4,1,'liujun;','2008-06-13 17:18:46',171,NULL),
  (57,132,1,-2,4,1,'liujun;','2008-06-13 17:19:36',172,NULL),
  (58,132,1,-2,4,1,'liujun;','2008-06-13 17:23:17',173,NULL),
  (58,132,1,694,4,0,'192.168.20.198: ','2008-06-13 17:23:17',174,NULL),
  (59,132,1,-2,4,1,'','2008-06-13 17:24:22',175,NULL),
  (60,132,1,-2,4,1,'liujun;','2008-06-13 17:24:38',176,NULL),
  (60,132,1,694,4,0,'192.168.20.198: ','2008-06-13 17:25:03',177,NULL),
  (61,132,1,-2,4,1,'liujun;','2008-06-13 17:25:50',178,NULL),
  (61,132,1,694,4,0,'192.168.20.198: ','2008-06-13 17:25:50',179,NULL),
  (62,132,1,-2,4,1,'liujun;','2008-06-16 11:59:48',180,NULL),
  (62,132,1,694,4,0,'192.168.20.198: ','2008-06-16 11:59:48',181,NULL),
  (63,132,1,-2,3,1,'huangbiao;: 2008-6-18 10:48:52  python-2.5.1.msi(A1D1A9C07BC4C78BD8FA05DD3EFEC87F)','2008-06-18 10:48:53',182,NULL),
  (200861817870222,132,1,-2,0,1,'','2008-06-18 17:08:37',183,''),
  (200861995264893,132,1,-2,0,1,'NewGroup;','2008-06-19 09:52:47',184,'693;8;'),
  (200861995574568,132,1,-2,0,1,'NewGroup;','2008-06-19 09:55:29',185,'693;8;'),
  (200861910072761,132,1,-2,0,1,'NewGroup;','2008-06-19 10:00:14',186,'693;8;'),
  (200861910393789,132,1,-2,0,1,'liujun;','2008-06-19 10:03:19',187,'694;8;'),
  (200861910826328,132,1,-2,0,1,'NewGroup;','2008-06-19 10:08:00',188,'693;8;'),
  (200861910826328,132,1,693,0,0,'192.168.22.103NewGroup_01: ','2008-06-19 10:08:05',189,'693;8;'),
  (200861910848247,132,0,1390,0,0,'192.168.22.103NewGroup_01: ','2008-06-19 10:08:06',190,'1390'),
  (2008619101132695,132,1,-2,0,1,'NewGroup;huangbiao;','2008-06-19 10:11:44',191,'693;783;8;8;'),
  (2008619101132695,132,1,693,0,0,'192.168.22.103NewGroup_01: ','2008-06-19 10:11:49',192,'693;783;8;8;'),
  (2008619101131068,132,0,1390,0,0,'192.168.22.103NewGroup_01: ','2008-06-19 10:11:50',193,'1390'),
  (2008619101132695,132,1,783,0,0,'192.168.20.74huangbiao_01: ','2008-06-19 10:11:51',194,'693;783;8;8;'),
  (2008619101177996,132,0,1158,0,0,'192.168.20.74huangbiao_01: ','2008-06-19 10:11:51',195,'1158'),
  (2008619101132695,132,1,783,0,0,'192.168.20.74huangbiao_02: ','2008-06-19 10:11:58',196,'693;783;8;8;'),
  (200861910119141,132,0,1368,0,0,'192.168.20.74huangbiao_02: ','2008-06-19 10:11:59',197,'1368'),
  (200861915216195,132,1,-2,0,1,'wzgTestGroup;;NewGroup;','2008-06-19 15:02:43',198,'604;1401;693;8;8;8;'),
  (200861915216195,132,1,693,0,0,'192.168.22.103NewGroup_01: ','2008-06-19 15:02:46',199,'604;1401;693;8;8;8;'),
  (200861915231883,132,0,1390,0,0,'192.168.22.103NewGroup_01: ','2008-06-19 15:02:46',200,'1390');

COMMIT;

#
# Data for the `system_log` table  (LIMIT 0,500)
#

INSERT INTO `system_log` (`ID`, `OPERATOR`, `OPERATION`, `TARGET`, `DESCRIPTION`, `LOGTIME`) VALUES 
  (1,6,2,14,'[blaze][127.0.0.1]','2008-03-26 19:37:56'),
  (2,6,2,15,'[blaze]','2008-03-26 19:38:03'),
  (3,6,2,14,'[blaze][127.0.0.1]','2008-03-26 19:38:18'),
  (4,6,2,14,'[blaze][127.0.0.1]','2008-04-11 14:16:43'),
  (5,6,2,15,'[blaze]','2008-04-11 14:43:22'),
  (6,6,2,14,'[blaze][127.0.0.1]','2008-04-11 14:53:34'),
  (7,6,2,15,'[blaze]','2008-04-11 14:57:18'),
  (8,6,2,14,'[blaze][127.0.0.1]','2008-04-11 15:30:57'),
  (9,6,2,15,'[blaze]','2008-04-11 15:38:05'),
  (10,6,2,14,'[blaze][127.0.0.1]','2008-05-07 11:17:57'),
  (11,6,2,15,'[blaze]','2008-05-07 11:18:14'),
  (12,6,2,14,'[blaze][127.0.0.1]','2008-05-07 11:18:29'),
  (13,6,2,15,'[blaze]','2008-05-07 11:28:23'),
  (14,6,2,14,'[blaze][127.0.0.1]','2008-05-07 11:28:46'),
  (15,6,2,15,'[blaze]','2008-05-07 11:30:56'),
  (16,6,2,14,'[blaze][127.0.0.1]','2008-05-07 11:34:39'),
  (17,6,2,14,'[blaze][127.0.0.1]','2008-05-07 11:40:32'),
  (18,6,2,15,'[blaze]','2008-05-07 11:42:11'),
  (19,6,2,14,'[blaze][127.0.0.1]','2008-05-22 10:05:24'),
  (20,6,2,14,'[blaze][127.0.0.1]','2008-05-22 10:11:14'),
  (21,6,2,15,'[blaze]','2008-05-22 10:12:53'),
  (22,6,2,14,'[blaze][192.168.20.149]','2008-05-22 10:13:07'),
  (23,6,2,15,'[blaze]','2008-05-22 10:15:28'),
  (24,132,2,14,'[huangbiao][192.168.20.149]','2008-05-22 10:15:32'),
  (25,132,2,15,'[huangbiao]','2008-05-22 10:15:37'),
  (26,6,2,14,'[blaze][192.168.20.149]','2008-05-22 10:15:40'),
  (27,6,2,15,'[blaze]','2008-05-22 10:15:59'),
  (28,132,2,14,'[huangbiao][192.168.20.149]','2008-05-22 10:16:02'),
  (29,132,2,15,'[huangbiao]','2008-05-22 10:16:10'),
  (30,6,2,14,'[blaze][192.168.20.149]','2008-05-22 10:16:13'),
  (31,6,2,15,'[blaze]','2008-05-22 10:16:39'),
  (32,132,2,14,'[huangbiao][192.168.20.149]','2008-05-22 10:16:43'),
  (33,132,2,15,'[huangbiao]','2008-05-22 10:17:09'),
  (34,6,2,14,'[blaze][192.168.20.149]','2008-05-22 10:17:12'),
  (35,6,2,15,'[blaze]','2008-05-22 10:19:31'),
  (36,136,2,14,'[liujun][192.168.20.149]','2008-05-22 10:19:36'),
  (37,133,2,14,'[wangzhiguang][192.168.20.149]','2008-05-22 10:20:14'),
  (38,136,2,15,'[liujun]','2008-05-22 10:34:54'),
  (39,133,2,15,'[wangzhiguang]','2008-05-22 10:37:34'),
  (40,1,1,275,'[][20.198_][]','2008-05-22 10:46:58'),
  (41,1,1,275,'[][20.198_][]','2008-05-22 11:02:16'),
  (42,1,1,275,'[][20.198_][]','2008-05-22 11:06:18'),
  (43,133,2,14,'[wangzhiguang][192.168.20.149]','2008-05-22 11:36:39'),
  (44,133,2,14,'[wangzhiguang][192.168.20.149]','2008-05-22 11:39:23'),
  (45,133,2,15,'[wangzhiguang]','2008-05-22 11:52:16'),
  (46,6,2,14,'[blaze][192.168.20.146]','2008-05-22 16:01:28'),
  (47,6,2,15,'[blaze]','2008-05-22 16:19:24'),
  (48,6,2,14,'[blaze][192.168.20.146]','2008-05-23 10:32:16'),
  (49,6,2,15,'[blaze]','2008-05-23 11:08:39'),
  (50,6,2,14,'[blaze][127.0.0.1]','2008-05-23 11:41:27'),
  (51,6,2,15,'[blaze]','2008-05-23 11:56:21'),
  (52,6,2,14,'[blaze][192.168.20.146]','2008-05-23 14:47:01'),
  (53,6,4,1265,'[blaze][gz-01-gm1_][]','2008-05-23 14:47:10'),
  (54,1,1,253,'[][20.198_][]','2008-05-23 15:01:04'),
  (55,1,1,264,'[][20.198_][]','2008-05-23 15:01:08'),
  (56,6,2,15,'[blaze]','2008-05-23 15:52:26'),
  (57,133,2,14,'[wangzhiguang][192.168.20.149]','2008-05-23 16:50:07'),
  (58,133,2,15,'[wangzhiguang]','2008-05-23 17:06:47'),
  (59,132,2,14,'[huangbiao][192.168.20.74]','2008-05-23 17:44:37'),
  (60,132,2,15,'[huangbiao]','2008-05-23 17:48:51'),
  (61,132,2,14,'[huangbiao][127.0.0.1]','2008-05-23 17:52:23'),
  (62,132,2,14,'[huangbiao][127.0.0.1]','2008-05-23 17:53:55'),
  (63,133,2,14,'[wangzhiguang][192.168.20.149]','2008-05-23 17:54:39'),
  (64,132,2,14,'[huangbiao][192.168.20.74]','2008-05-23 17:54:49'),
  (65,133,2,15,'[wangzhiguang]','2008-05-23 17:57:40'),
  (66,6,2,14,'[blaze][192.168.20.149]','2008-05-23 17:57:44'),
  (67,6,2,15,'[blaze]','2008-05-23 17:58:26'),
  (68,133,2,14,'[wangzhiguang][192.168.20.149]','2008-05-23 17:58:29'),
  (69,133,4,121,'[wangzhiguang][ServerGroup1_1_][]','2008-05-23 17:58:53'),
  (70,132,2,14,'[huangbiao][127.0.0.1]','2008-05-23 17:59:30'),
  (71,132,2,14,'[huangbiao][192.168.20.74]','2008-05-23 18:01:01'),
  (72,132,2,14,'[huangbiao][127.0.0.1]','2008-05-23 18:02:50'),
  (73,132,2,15,'[huangbiao]','2008-05-23 18:08:20'),
  (74,132,2,14,'[huangbiao][192.168.20.74]','2008-05-23 18:27:36'),
  (75,6,2,14,'[blaze][192.168.20.149]','2008-05-23 18:30:52'),
  (76,6,2,14,'[blaze][127.0.0.1]','2008-05-23 18:39:52'),
  (77,6,2,14,'[blaze][192.168.20.149]','2008-05-23 18:40:10'),
  (78,132,2,14,'[huangbiao][127.0.0.1]','2008-05-23 18:40:20'),
  (79,132,4,140,'[huangbiao][20.198_???????][]','2008-05-23 18:42:16'),
  (80,132,2,14,'[huangbiao][127.0.0.1]','2008-05-23 18:47:00'),
  (81,132,4,140,'[huangbiao][20.198_???????][]','2008-05-23 18:49:12'),
  (82,132,4,140,'[huangbiao][20.198_???????][]','2008-05-23 18:49:37'),
  (83,132,4,140,'[huangbiao][20.198_???????][]','2008-05-23 18:50:41'),
  (84,6,2,15,'[blaze]','2008-05-23 18:56:22'),
  (85,132,2,15,'[huangbiao]','2008-05-23 18:57:22'),
  (86,132,2,14,'[huangbiao][127.0.0.1]','2008-05-23 18:59:43'),
  (87,133,2,14,'[wangzhiguang][192.168.20.149]','2008-05-23 19:07:38'),
  (88,132,4,140,'[huangbiao][20.198_???????][]','2008-05-23 19:12:03'),
  (89,132,2,14,'[huangbiao][127.0.0.1]','2008-05-23 19:12:23'),
  (90,133,2,14,'[wangzhiguang][192.168.20.149]','2008-05-23 19:14:13'),
  (91,6,2,14,'[blaze][127.0.0.1]','2008-05-23 19:16:42'),
  (92,6,4,140,'[blaze][20.198_???????][]','2008-05-23 19:17:02'),
  (93,132,2,14,'[huangbiao][127.0.0.1]','2008-05-23 19:18:04'),
  (94,132,4,140,'[huangbiao][20.198_???????][]','2008-05-23 19:19:33'),
  (95,132,2,14,'[huangbiao][127.0.0.1]','2008-05-23 19:20:37'),
  (96,132,4,140,'[huangbiao][20.198_???????][]','2008-05-23 19:21:15'),
  (97,132,4,140,'[huangbiao][20.198_???????][]','2008-05-23 19:23:34'),
  (98,132,2,15,'[huangbiao]','2008-05-23 19:23:34'),
  (99,133,2,15,'[wangzhiguang]','2008-05-23 19:25:42'),
  (100,6,2,14,'[blaze][192.168.20.149]','2008-05-23 19:25:50'),
  (101,6,2,14,'[blaze][192.168.20.146]','2008-05-23 19:26:48'),
  (102,132,2,15,'[huangbiao]','2008-05-23 19:27:22'),
  (103,6,2,14,'[blaze][192.168.20.149]','2008-05-23 19:27:24'),
  (104,6,2,15,'[blaze]','2008-05-23 19:30:42'),
  (105,133,2,14,'[wangzhiguang][192.168.20.149]','2008-05-23 19:31:36'),
  (106,6,2,14,'[blaze][192.168.20.149]','2008-05-23 19:48:47'),
  (107,133,2,15,'[wangzhiguang]','2008-05-23 19:57:20'),
  (108,6,2,14,'[blaze][127.0.0.1]','2008-05-23 19:59:48'),
  (109,6,2,15,'[blaze]','2008-05-23 20:04:20'),
  (110,132,2,14,'[huangbiao][127.0.0.1]','2008-05-23 20:25:35'),
  (111,6,2,14,'[blaze][192.168.20.146]','2008-05-23 20:36:34'),
  (112,132,2,15,'[huangbiao]','2008-05-23 20:41:00'),
  (113,6,2,15,'[blaze]','2008-05-23 21:05:22'),
  (114,6,2,14,'[blaze][192.168.20.146]','2008-05-23 21:14:00'),
  (115,6,2,15,'[blaze]','2008-05-23 21:29:22'),
  (116,6,2,14,'[blaze][127.0.0.1]','2008-05-24 17:17:19'),
  (117,6,2,15,'[blaze]','2008-05-24 17:52:20'),
  (118,6,2,14,'[blaze][127.0.0.1]','2008-05-24 19:03:05'),
  (119,6,4,268,'[blaze][22.57_][]','2008-05-24 19:06:42'),
  (120,6,4,268,'[blaze][22.57_][]','2008-05-24 19:09:12'),
  (121,1,1,268,'[][22.57_][]','2008-05-24 19:09:12'),
  (122,6,4,257,'[blaze][22.57_][]','2008-05-24 19:09:18'),
  (123,1,1,268,'[][22.57_][]','2008-05-24 19:11:39'),
  (124,6,4,257,'[blaze][22.57_][]','2008-05-24 19:11:45'),
  (125,1,1,257,'[][22.57_][]','2008-05-24 19:11:45'),
  (126,1,1,257,'[][22.57_][]','2008-05-24 19:13:30'),
  (127,1,1,268,'[][22.57_][]','2008-05-24 19:13:31'),
  (128,1,1,279,'[][22.57_][]','2008-05-24 19:15:14'),
  (129,1,1,257,'[][22.57_][]','2008-05-24 19:15:15'),
  (130,1,1,268,'[][22.57_][]','2008-05-24 19:15:16'),
  (131,1,1,279,'[][22.57_][]','2008-05-24 19:15:17'),
  (132,6,4,279,'[blaze][22.57_][]','2008-05-24 19:15:35'),
  (133,6,4,279,'[blaze][22.57_][]','2008-05-24 19:15:40'),
  (134,6,4,279,'[blaze][22.57_][]','2008-05-24 19:16:09'),
  (135,1,1,279,'[][22.57_][]','2008-05-24 19:16:10'),
  (136,1,1,257,'[][22.57_][]','2008-05-24 19:25:03'),
  (137,1,1,268,'[][22.57_][]','2008-05-24 19:25:04'),
  (138,6,2,15,'[blaze]','2008-05-24 20:05:41'),
  (139,6,2,14,'[blaze][127.0.0.1]','2008-05-26 15:44:52'),
  (140,6,2,15,'[blaze]','2008-05-26 15:46:25'),
  (141,6,2,14,'[blaze][127.0.0.1]','2008-05-26 15:47:13'),
  (142,6,2,15,'[blaze]','2008-05-26 16:02:20'),
  (143,6,2,14,'[blaze][127.0.0.1]','2008-05-26 16:32:14'),
  (144,134,2,14,'[douhao][127.0.0.1]','2008-05-26 16:39:40'),
  (145,6,2,14,'[blaze][127.0.0.1]','2008-05-26 16:41:08'),
  (146,134,2,15,'[douhao]','2008-05-26 16:41:39'),
  (147,6,4,169,'[blaze][20.198_][]','2008-05-26 16:41:42'),
  (148,6,4,169,'[blaze][20.198_][]','2008-05-26 16:42:11'),
  (149,6,4,169,'[blaze][20.198_][]','2008-05-26 16:42:15'),
  (150,6,4,169,'[blaze][20.198_][]','2008-05-26 16:43:08'),
  (151,6,2,15,'[blaze]','2008-05-26 16:46:55'),
  (152,6,2,14,'[blaze][127.0.0.1]','2008-05-26 16:47:06'),
  (153,6,4,312,'[blaze][20.198_2][]','2008-05-26 16:47:27'),
  (154,6,4,312,'[blaze][20.198_2][]','2008-05-26 16:48:43'),
  (155,6,2,15,'[blaze]','2008-05-26 16:49:54'),
  (156,6,2,14,'[blaze][127.0.0.1]','2008-05-26 16:52:49'),
  (157,6,4,169,'[blaze][20.198_][]','2008-05-26 16:54:57'),
  (158,6,2,15,'[blaze]','2008-05-26 16:55:15'),
  (159,6,2,14,'[blaze][127.0.0.1]','2008-05-26 16:56:09'),
  (160,6,4,334,'[blaze][20.198_2][]','2008-05-26 16:56:26'),
  (161,6,4,198,'[blaze][20.198_][]','2008-05-26 16:57:46'),
  (162,6,2,15,'[blaze]','2008-05-26 16:58:15'),
  (163,6,2,14,'[blaze][127.0.0.1]','2008-05-26 16:58:35'),
  (164,6,4,312,'[blaze][20.198_2][]','2008-05-26 16:59:04'),
  (165,6,4,312,'[blaze][20.198_2][]','2008-05-26 16:59:43'),
  (166,6,2,15,'[blaze]','2008-05-26 17:09:27'),
  (167,134,2,14,'[douhao][192.168.20.146]','2008-05-26 17:20:26'),
  (168,134,2,15,'[douhao]','2008-05-26 17:35:38'),
  (169,6,2,14,'[blaze][127.0.0.1]','2008-05-26 18:02:27'),
  (170,6,2,14,'[blaze][127.0.0.1]','2008-05-26 18:02:35'),
  (171,6,4,312,'[blaze][20.198_2][]','2008-05-26 18:03:18'),
  (172,6,4,312,'[blaze][20.198_2][]','2008-05-26 18:03:20'),
  (173,6,4,312,'[blaze][20.198_2][]','2008-05-26 18:03:22'),
  (174,6,4,312,'[blaze][20.198_2][]','2008-05-26 18:03:23'),
  (175,6,2,15,'[blaze]','2008-05-26 18:04:40'),
  (176,6,2,14,'[blaze][127.0.0.1]','2008-05-26 18:08:03'),
  (177,6,4,198,'[blaze][20.198_][]','2008-05-26 18:08:14'),
  (178,6,4,198,'[blaze][20.198_][]','2008-05-26 18:08:15'),
  (179,6,4,198,'[blaze][20.198_][]','2008-05-26 18:08:17'),
  (180,6,2,15,'[blaze]','2008-05-26 18:12:31'),
  (181,6,2,15,'[blaze]','2008-05-26 18:23:20'),
  (182,134,2,14,'[douhao][127.0.0.1]','2008-05-26 18:37:21'),
  (183,133,2,14,'[wangzhiguang][192.168.20.149]','2008-05-26 18:42:35'),
  (184,133,2,15,'[wangzhiguang]','2008-05-26 18:57:59'),
  (185,134,2,15,'[douhao]','2008-05-26 19:09:13'),
  (186,133,2,14,'[wangzhiguang][192.168.20.149]','2008-05-26 19:20:39'),
  (187,133,2,15,'[wangzhiguang]','2008-05-26 19:24:12'),
  (188,6,2,14,'[blaze][127.0.0.1]','2008-05-26 19:27:25'),
  (189,133,2,14,'[wangzhiguang][192.168.20.149]','2008-05-26 19:28:58'),
  (190,132,2,14,'[huangbiao][192.168.20.225]','2008-05-26 19:33:25'),
  (191,134,2,14,'[douhao][192.168.20.146]','2008-05-26 19:34:13'),
  (192,132,2,14,'[huangbiao][192.168.20.198]','2008-05-26 19:40:32'),
  (193,6,2,14,'[blaze][127.0.0.1]','2008-05-26 19:43:52'),
  (194,6,2,15,'[blaze]','2008-05-26 19:47:21'),
  (195,133,2,14,'[wangzhiguang][192.168.20.149]','2008-05-26 19:49:51'),
  (196,132,2,15,'[huangbiao]','2008-05-26 19:55:41'),
  (197,133,2,15,'[wangzhiguang]','2008-05-26 19:57:21'),
  (198,134,2,15,'[douhao]','2008-05-26 19:59:01'),
  (199,134,2,14,'[douhao][192.168.20.206]','2008-05-26 20:00:26'),
  (200,134,2,14,'[douhao][192.168.20.146]','2008-05-26 20:06:45'),
  (201,134,2,15,'[douhao]','2008-05-26 20:07:02'),
  (202,6,2,14,'[blaze][192.168.20.146]','2008-05-26 20:07:09'),
  (203,6,2,14,'[blaze][127.0.0.1]','2008-05-26 20:13:18'),
  (204,6,2,15,'[blaze]','2008-05-26 20:14:09'),
  (205,132,2,14,'[huangbiao][127.0.0.1]','2008-05-26 20:16:04'),
  (206,6,2,14,'[blaze][192.168.20.225]','2008-05-26 20:17:43'),
  (207,133,2,14,'[wangzhiguang][192.168.20.149]','2008-05-26 20:18:13'),
  (208,133,2,15,'[wangzhiguang]','2008-05-26 20:18:38'),
  (209,6,2,14,'[blaze][192.168.20.149]','2008-05-26 20:18:41'),
  (210,6,2,15,'[blaze]','2008-05-26 20:19:20'),
  (211,133,2,14,'[wangzhiguang][192.168.20.149]','2008-05-26 20:19:23'),
  (212,6,2,14,'[blaze][192.168.20.146]','2008-05-26 20:20:58'),
  (213,132,2,14,'[huangbiao][127.0.0.1]','2008-05-26 20:21:00'),
  (214,6,2,15,'[blaze]','2008-05-26 20:27:43'),
  (215,132,2,15,'[huangbiao]','2008-05-26 20:27:43'),
  (216,133,2,15,'[wangzhiguang]','2008-05-26 20:27:43'),
  (217,6,2,14,'[blaze][127.0.0.1]','2008-05-26 20:28:07'),
  (218,6,2,15,'[blaze]','2008-05-26 20:31:57'),
  (219,132,2,14,'[huangbiao][127.0.0.1]','2008-05-26 20:35:51'),
  (220,133,2,14,'[wangzhiguang][192.168.20.149]','2008-05-26 20:41:46'),
  (221,132,2,15,'[huangbiao]','2008-05-26 20:44:40'),
  (222,133,2,15,'[wangzhiguang]','2008-05-26 20:44:40'),
  (223,6,2,14,'[blaze][127.0.0.1]','2008-05-26 20:46:14'),
  (224,6,2,15,'[blaze]','2008-05-26 20:47:10'),
  (225,6,2,14,'[blaze][127.0.0.1]','2008-05-26 20:47:31'),
  (226,133,2,14,'[wangzhiguang][127.0.0.1]','2008-05-26 20:48:31'),
  (227,6,2,14,'[blaze][127.0.0.1]','2008-05-26 20:49:37'),
  (228,6,2,15,'[blaze]','2008-05-26 20:50:20'),
  (229,133,2,15,'[wangzhiguang]','2008-05-26 20:50:20'),
  (230,133,2,14,'[wangzhiguang][127.0.0.1]','2008-05-26 20:51:53'),
  (231,133,2,15,'[wangzhiguang]','2008-05-26 20:52:20'),
  (232,6,2,14,'[blaze][127.0.0.1]','2008-05-26 20:52:24'),
  (233,6,2,15,'[blaze]','2008-05-26 20:53:28'),
  (234,6,2,14,'[blaze][127.0.0.1]','2008-05-26 20:53:43'),
  (235,6,2,14,'[blaze][127.0.0.1]','2008-05-26 20:55:52'),
  (236,6,2,15,'[blaze]','2008-05-26 21:03:40'),
  (237,6,2,15,'[blaze]','2008-05-26 21:07:31'),
  (238,133,2,14,'[wangzhiguang][127.0.0.1]','2008-05-26 21:08:32'),
  (239,133,2,14,'[wangzhiguang][127.0.0.1]','2008-05-26 21:10:52'),
  (240,6,2,14,'[blaze][127.0.0.1]','2008-05-26 21:13:30'),
  (241,6,2,14,'[blaze][127.0.0.1]','2008-05-26 21:15:07'),
  (242,6,2,14,'[blaze][127.0.0.1]','2008-05-26 21:21:04'),
  (243,133,2,15,'[wangzhiguang]','2008-05-26 21:24:20'),
  (244,6,2,14,'[blaze][127.0.0.1]','2008-05-26 21:25:23'),
  (245,6,2,14,'[blaze][127.0.0.1]','2008-05-26 21:28:51'),
  (246,6,2,15,'[blaze]','2008-05-26 21:29:00'),
  (247,6,2,14,'[blaze][127.0.0.1]','2008-05-26 21:32:06'),
  (248,6,2,14,'[blaze][127.0.0.1]','2008-05-26 21:35:07'),
  (249,6,2,15,'[blaze]','2008-05-26 21:36:18'),
  (250,6,2,14,'[blaze][127.0.0.1]','2008-05-26 21:36:20'),
  (251,6,2,14,'[blaze][127.0.0.1]','2008-05-26 21:38:12'),
  (252,6,2,14,'[blaze][127.0.0.1]','2008-05-26 21:38:47'),
  (253,6,2,15,'[blaze]','2008-05-26 21:39:27'),
  (254,6,2,14,'[blaze][127.0.0.1]','2008-05-26 21:39:47'),
  (255,6,2,15,'[blaze]','2008-05-26 21:40:26'),
  (256,6,2,14,'[blaze][127.0.0.1]','2008-05-26 21:41:18'),
  (257,6,2,14,'[blaze][127.0.0.1]','2008-05-26 21:46:08'),
  (258,6,2,14,'[blaze][127.0.0.1]','2008-05-26 21:46:51'),
  (259,6,2,15,'[blaze]','2008-05-26 21:47:34'),
  (260,6,2,14,'[blaze][127.0.0.1]','2008-05-26 21:48:31'),
  (261,6,2,15,'[blaze]','2008-05-26 21:50:59'),
  (262,6,2,14,'[blaze][127.0.0.1]','2008-05-26 21:57:55'),
  (263,6,2,14,'[blaze][127.0.0.1]','2008-05-26 22:01:28'),
  (264,6,2,15,'[blaze]','2008-05-26 22:02:14'),
  (265,6,2,14,'[blaze][127.0.0.1]','2008-05-26 22:02:24'),
  (266,6,2,14,'[blaze][127.0.0.1]','2008-05-26 22:07:53'),
  (267,6,2,14,'[blaze][127.0.0.1]','2008-05-26 22:09:07'),
  (268,6,2,14,'[blaze][127.0.0.1]','2008-05-26 22:11:19'),
  (269,6,2,15,'[blaze]','2008-05-26 22:16:40'),
  (270,6,2,14,'[blaze][127.0.0.1]','2008-05-26 22:16:52'),
  (271,6,2,15,'[blaze]','2008-05-26 22:18:04'),
  (272,133,2,14,'[wangzhiguang][127.0.0.1]','2008-05-27 09:33:19'),
  (273,133,2,15,'[wangzhiguang]','2008-05-27 09:35:12'),
  (274,6,2,14,'[blaze][127.0.0.1]','2008-05-27 11:12:33'),
  (275,133,2,14,'[wangzhiguang][127.0.0.1]','2008-05-27 11:13:27'),
  (276,6,2,15,'[blaze]','2008-05-27 11:13:58'),
  (277,133,2,15,'[wangzhiguang]','2008-05-27 11:13:58'),
  (278,6,2,14,'[blaze][127.0.0.1]','2008-05-27 11:14:56'),
  (279,6,2,15,'[blaze]','2008-05-27 11:31:18'),
  (280,133,2,14,'[wangzhiguang][127.0.0.1]','2008-05-27 11:37:37'),
  (281,133,2,15,'[wangzhiguang]','2008-05-27 11:38:23'),
  (282,133,2,14,'[wangzhiguang][127.0.0.1]','2008-05-27 11:38:46'),
  (283,133,2,15,'[wangzhiguang]','2008-05-27 11:40:03'),
  (284,133,2,14,'[wangzhiguang][127.0.0.1]','2008-05-27 11:43:16'),
  (285,133,2,15,'[wangzhiguang]','2008-05-27 11:44:07'),
  (286,133,2,14,'[wangzhiguang][127.0.0.1]','2008-05-27 11:44:27'),
  (287,6,2,14,'[blaze][127.0.0.1]','2008-05-27 11:46:02'),
  (288,133,2,15,'[wangzhiguang]','2008-05-27 11:55:55'),
  (289,6,2,15,'[blaze]','2008-05-27 11:55:55'),
  (290,133,2,14,'[wangzhiguang][127.0.0.1]','2008-05-27 11:56:09'),
  (291,133,2,15,'[wangzhiguang]','2008-05-27 11:59:53'),
  (292,133,2,14,'[wangzhiguang][127.0.0.1]','2008-05-27 14:17:15'),
  (293,6,2,14,'[blaze][127.0.0.1]','2008-05-27 14:19:48'),
  (294,6,2,15,'[blaze]','2008-05-27 14:25:18'),
  (295,133,2,15,'[wangzhiguang]','2008-05-27 14:25:18'),
  (296,6,2,14,'[blaze][127.0.0.1]','2008-05-27 14:25:30'),
  (297,6,2,14,'[blaze][192.168.20.146]','2008-05-27 14:28:21'),
  (298,133,2,14,'[wangzhiguang][127.0.0.1]','2008-05-27 14:31:46'),
  (299,133,2,15,'[wangzhiguang]','2008-05-27 14:33:49'),
  (300,6,2,15,'[blaze]','2008-05-27 14:33:49'),
  (301,133,2,14,'[wangzhiguang][127.0.0.1]','2008-05-27 14:34:24'),
  (302,133,2,15,'[wangzhiguang]','2008-05-27 14:41:50'),
  (303,133,2,14,'[wangzhiguang][127.0.0.1]','2008-05-27 14:49:07'),
  (304,133,2,14,'[wangzhiguang][127.0.0.1]','2008-05-27 14:50:55'),
  (305,133,2,15,'[wangzhiguang]','2008-05-27 14:51:51'),
  (306,6,2,14,'[blaze][192.168.20.74]','2008-05-27 14:58:35'),
  (307,133,2,14,'[wangzhiguang][127.0.0.1]','2008-05-27 15:04:21'),
  (308,133,2,15,'[wangzhiguang]','2008-05-27 15:04:52'),
  (309,133,2,14,'[wangzhiguang][127.0.0.1]','2008-05-27 15:05:40'),
  (310,133,2,15,'[wangzhiguang]','2008-05-27 15:08:39'),
  (311,6,2,14,'[blaze][127.0.0.1]','2008-05-27 15:09:35'),
  (312,6,2,14,'[blaze][192.168.20.146]','2008-05-27 15:11:29'),
  (313,6,2,15,'[blaze]','2008-05-27 15:14:27'),
  (314,6,2,14,'[blaze][192.168.20.146]','2008-05-27 15:14:36'),
  (315,6,2,15,'[blaze]','2008-05-27 15:20:26'),
  (316,133,2,14,'[wangzhiguang][127.0.0.1]','2008-05-27 15:20:59'),
  (317,133,2,15,'[wangzhiguang]','2008-05-27 15:36:20'),
  (318,6,2,15,'[blaze]','2008-05-27 16:07:48'),
  (319,133,2,14,'[wangzhiguang][127.0.0.1]','2008-05-27 16:31:12'),
  (320,133,2,15,'[wangzhiguang]','2008-05-27 16:31:43'),
  (321,133,2,14,'[wangzhiguang][127.0.0.1]','2008-05-27 16:32:53'),
  (322,133,2,14,'[wangzhiguang][127.0.0.1]','2008-05-27 16:34:39'),
  (323,133,4,400,'[wangzhiguang][22.57_01][]','2008-05-27 16:35:52'),
  (324,6,2,14,'[blaze][192.168.20.74]','2008-05-27 16:37:15'),
  (325,133,2,15,'[wangzhiguang]','2008-05-27 16:38:19'),
  (326,133,2,14,'[wangzhiguang][127.0.0.1]','2008-05-27 16:39:11'),
  (327,134,2,14,'[douhao][192.168.20.146]','2008-05-27 16:42:44'),
  (328,133,2,15,'[wangzhiguang]','2008-05-27 16:59:59'),
  (329,133,2,14,'[wangzhiguang][127.0.0.1]','2008-05-27 17:09:41'),
  (330,132,2,14,'[huangbiao][192.168.20.74]','2008-05-27 17:10:32'),
  (331,133,2,15,'[wangzhiguang]','2008-05-27 17:11:17'),
  (332,133,2,14,'[wangzhiguang][127.0.0.1]','2008-05-27 17:12:06'),
  (333,133,2,15,'[wangzhiguang]','2008-05-27 17:18:46'),
  (334,132,2,15,'[huangbiao]','2008-05-27 17:27:44'),
  (335,134,2,15,'[douhao]','2008-05-27 17:33:43'),
  (336,6,2,15,'[blaze]','2008-05-27 17:33:43'),
  (337,6,2,14,'[blaze][127.0.0.1]','2008-05-27 18:40:02'),
  (338,133,2,14,'[wangzhiguang][192.168.20.149]','2008-05-27 18:44:17'),
  (339,133,2,14,'[wangzhiguang][192.168.20.149]','2008-05-27 18:45:58'),
  (340,133,2,14,'[wangzhiguang][127.0.0.1]','2008-05-27 18:48:58'),
  (341,133,2,15,'[wangzhiguang]','2008-05-27 18:51:34'),
  (342,133,2,14,'[wangzhiguang][127.0.0.1]','2008-05-27 18:51:46'),
  (343,6,2,14,'[blaze][192.168.20.146]','2008-05-27 18:57:00'),
  (344,133,2,15,'[wangzhiguang]','2008-05-27 19:01:01'),
  (345,133,2,15,'[wangzhiguang]','2008-05-27 19:05:38'),
  (346,6,2,15,'[blaze]','2008-05-27 19:12:01'),
  (347,6,2,14,'[blaze][192.168.20.146]','2008-05-27 19:13:07'),
  (348,6,2,15,'[blaze]','2008-05-27 19:39:17'),
  (349,6,2,14,'[blaze][127.0.0.1]','2008-05-27 19:40:26'),
  (350,133,2,14,'[wangzhiguang][192.168.20.149]','2008-05-27 19:42:53'),
  (351,6,2,15,'[blaze]','2008-05-27 19:58:44'),
  (352,6,2,14,'[blaze][192.168.20.146]','2008-05-27 20:02:05'),
  (353,133,2,15,'[wangzhiguang]','2008-05-27 20:07:28'),
  (354,6,2,14,'[blaze][127.0.0.1]','2008-05-27 20:46:02'),
  (355,133,2,14,'[wangzhiguang][192.168.20.149]','2008-05-27 21:32:44'),
  (356,6,2,14,'[blaze][127.0.0.1]','2008-05-27 21:38:42'),
  (357,6,2,14,'[blaze][127.0.0.1]','2008-05-27 21:47:17'),
  (358,6,2,15,'[blaze]','2008-05-27 22:17:00'),
  (359,133,2,15,'[wangzhiguang]','2008-05-27 22:18:11'),
  (360,6,2,14,'[blaze][127.0.0.1]','2008-05-27 22:31:47'),
  (361,6,2,15,'[blaze]','2008-05-27 23:08:40'),
  (362,6,2,14,'[blaze][127.0.0.1]','2008-05-28 00:07:36'),
  (363,6,2,15,'[blaze]','2008-05-28 02:52:18'),
  (364,6,2,15,'[blaze]','2008-05-28 02:52:20'),
  (365,133,2,14,'[wangzhiguang][127.0.0.1]','2008-05-28 09:43:05'),
  (366,133,2,15,'[wangzhiguang]','2008-05-28 10:01:43'),
  (367,133,2,14,'[wangzhiguang][127.0.0.1]','2008-05-28 10:09:05'),
  (368,133,2,14,'[wangzhiguang][127.0.0.1]','2008-05-28 10:14:35'),
  (369,133,2,15,'[wangzhiguang]','2008-05-28 10:25:00'),
  (370,133,2,14,'[wangzhiguang][127.0.0.1]','2008-05-28 10:29:18'),
  (371,133,2,14,'[wangzhiguang][127.0.0.1]','2008-05-28 10:39:30'),
  (372,133,2,15,'[wangzhiguang]','2008-05-28 10:46:53'),
  (373,133,2,14,'[wangzhiguang][127.0.0.1]','2008-05-28 10:47:10'),
  (374,133,2,15,'[wangzhiguang]','2008-05-28 10:47:35'),
  (375,133,2,14,'[wangzhiguang][127.0.0.1]','2008-05-28 10:47:47'),
  (376,133,2,15,'[wangzhiguang]','2008-05-28 10:48:05'),
  (377,133,2,14,'[wangzhiguang][127.0.0.1]','2008-05-28 10:54:21'),
  (378,133,2,15,'[wangzhiguang]','2008-05-28 10:57:39'),
  (379,133,2,14,'[wangzhiguang][192.168.20.149]','2008-05-28 11:33:27'),
  (380,133,2,14,'[wangzhiguang][192.168.20.149]','2008-05-28 11:45:02'),
  (381,134,2,14,'[douhao][192.168.20.146]','2008-05-28 11:48:10'),
  (382,133,2,15,'[wangzhiguang]','2008-05-28 11:48:50'),
  (383,133,2,14,'[wangzhiguang][192.168.20.149]','2008-05-28 11:52:24'),
  (384,133,2,14,'[wangzhiguang][127.0.0.1]','2008-05-28 11:59:47'),
  (385,133,2,15,'[wangzhiguang]','2008-05-28 12:00:30'),
  (386,133,2,15,'[wangzhiguang]','2008-05-28 12:07:51'),
  (387,134,2,15,'[douhao]','2008-05-28 13:31:13'),
  (388,132,2,14,'[huangbiao][127.0.0.1]','2008-05-28 13:34:04'),
  (389,6,2,14,'[blaze][127.0.0.1]','2008-05-28 13:41:06'),
  (390,6,2,14,'[blaze][127.0.0.1]','2008-05-28 14:19:19'),
  (391,133,2,14,'[wangzhiguang][127.0.0.1]','2008-05-28 14:36:43'),
  (392,133,2,14,'[wangzhiguang][127.0.0.1]','2008-05-28 14:48:59'),
  (393,133,2,15,'[wangzhiguang]','2008-05-28 14:52:50'),
  (394,133,2,14,'[wangzhiguang][127.0.0.1]','2008-05-28 14:53:03'),
  (395,133,2,15,'[wangzhiguang]','2008-05-28 14:53:46'),
  (396,134,2,14,'[douhao][192.168.20.146]','2008-05-28 15:03:21'),
  (397,134,2,14,'[douhao][192.168.20.146]','2008-05-28 15:12:22'),
  (398,134,2,14,'[douhao][127.0.0.1]','2008-05-28 15:23:32'),
  (399,133,2,14,'[wangzhiguang][127.0.0.1]','2008-05-28 15:29:15'),
  (400,133,2,15,'[wangzhiguang]','2008-05-28 15:30:48'),
  (401,133,2,14,'[wangzhiguang][127.0.0.1]','2008-05-28 15:31:29'),
  (402,133,2,14,'[wangzhiguang][192.168.20.149]','2008-05-28 15:33:52'),
  (403,136,2,14,'[liujun][192.168.20.169]','2008-05-28 15:38:08'),
  (404,134,2,14,'[douhao][192.168.20.146]','2008-05-28 15:40:04'),
  (405,133,2,15,'[wangzhiguang]','2008-05-28 15:46:40'),
  (406,133,2,15,'[wangzhiguang]','2008-05-28 15:49:00'),
  (407,136,2,15,'[liujun]','2008-05-28 15:52:44'),
  (408,134,2,15,'[douhao]','2008-05-28 15:52:44'),
  (409,136,2,14,'[liujun][192.168.20.169]','2008-05-28 16:14:56'),
  (410,133,2,14,'[wangzhiguang][127.0.0.1]','2008-05-28 16:17:13'),
  (411,133,2,15,'[wangzhiguang]','2008-05-28 16:27:07'),
  (412,136,2,15,'[liujun]','2008-05-28 16:40:38'),
  (413,6,2,14,'[blaze][192.168.20.169]','2008-05-28 16:40:40'),
  (414,132,2,14,'[huangbiao][192.168.20.74]','2008-05-28 16:57:11'),
  (415,133,2,14,'[wangzhiguang][192.168.20.149]','2008-05-28 17:00:36'),
  (416,6,2,15,'[blaze]','2008-05-28 17:09:04'),
  (417,133,2,15,'[wangzhiguang]','2008-05-28 17:18:28'),
  (418,6,2,14,'[blaze][192.168.20.169]','2008-05-28 17:18:52'),
  (419,132,2,15,'[huangbiao]','2008-05-28 17:30:39'),
  (420,6,2,15,'[blaze]','2008-05-28 17:30:39'),
  (421,6,2,14,'[blaze][192.168.20.74]','2008-05-28 17:33:01'),
  (422,134,2,14,'[douhao][192.168.20.146]','2008-05-28 17:36:57'),
  (423,133,2,14,'[wangzhiguang][127.0.0.1]','2008-05-28 17:37:52'),
  (424,133,2,15,'[wangzhiguang]','2008-05-28 17:38:03'),
  (425,6,2,14,'[blaze][127.0.0.1]','2008-05-28 17:38:06'),
  (426,6,2,15,'[blaze]','2008-05-28 17:39:17'),
  (427,6,2,14,'[blaze][192.168.20.169]','2008-05-28 17:48:06'),
  (428,133,2,14,'[wangzhiguang][127.0.0.1]','2008-05-28 17:54:37'),
  (429,133,2,14,'[wangzhiguang][192.168.20.149]','2008-05-28 18:05:42'),
  (430,133,2,15,'[wangzhiguang]','2008-05-28 18:10:04'),
  (431,133,2,14,'[wangzhiguang][127.0.0.1]','2008-05-28 18:11:17'),
  (432,133,2,15,'[wangzhiguang]','2008-05-28 18:20:11'),
  (433,133,2,15,'[wangzhiguang]','2008-05-28 18:21:40'),
  (434,133,2,14,'[wangzhiguang][192.168.20.149]','2008-05-28 19:01:48'),
  (435,6,4,706,'[blaze][liujun_][]','2008-05-28 19:09:33'),
  (436,133,2,15,'[wangzhiguang]','2008-05-28 19:36:00'),
  (437,133,2,14,'[wangzhiguang][127.0.0.1]','2008-05-28 19:39:53'),
  (438,6,2,15,'[blaze]','2008-05-28 19:42:20'),
  (439,6,2,14,'[blaze][192.168.20.169]','2008-05-28 19:43:50'),
  (440,133,2,14,'[wangzhiguang][192.168.20.149]','2008-05-28 19:44:00'),
  (441,133,2,15,'[wangzhiguang]','2008-05-28 19:55:20'),
  (442,133,2,14,'[wangzhiguang][127.0.0.1]','2008-05-28 20:03:05'),
  (443,133,2,15,'[wangzhiguang]','2008-05-28 20:04:11'),
  (444,133,2,14,'[wangzhiguang][127.0.0.1]','2008-05-28 20:05:09'),
  (445,133,2,15,'[wangzhiguang]','2008-05-28 20:09:33'),
  (446,133,2,14,'[wangzhiguang][127.0.0.1]','2008-05-28 20:09:45'),
  (447,133,2,14,'[wangzhiguang][127.0.0.1]','2008-05-28 20:10:21'),
  (448,133,2,15,'[wangzhiguang]','2008-05-28 20:10:40'),
  (449,133,2,15,'[wangzhiguang]','2008-05-28 20:11:51'),
  (450,133,2,14,'[wangzhiguang][127.0.0.1]','2008-05-28 20:12:15'),
  (451,133,2,14,'[wangzhiguang][127.0.0.1]','2008-05-28 20:18:11'),
  (452,133,2,15,'[wangzhiguang]','2008-05-28 20:19:33'),
  (453,134,2,15,'[douhao]','2008-05-28 20:36:40'),
  (454,134,2,14,'[douhao][127.0.0.1]','2008-05-28 20:44:26'),
  (455,6,2,15,'[blaze]','2008-05-28 20:52:37'),
  (456,6,2,14,'[blaze][127.0.0.1]','2008-05-28 21:13:25'),
  (457,6,2,14,'[blaze][127.0.0.1]','2008-05-28 21:23:17'),
  (458,133,2,14,'[wangzhiguang][127.0.0.1]','2008-05-28 21:34:41'),
  (459,133,2,15,'[wangzhiguang]','2008-05-28 21:38:28'),
  (460,133,2,14,'[wangzhiguang][127.0.0.1]','2008-05-28 21:59:06'),
  (461,133,2,15,'[wangzhiguang]','2008-05-28 22:06:48'),
  (462,133,2,14,'[wangzhiguang][127.0.0.1]','2008-05-28 22:15:50'),
  (463,133,2,15,'[wangzhiguang]','2008-05-28 22:17:55'),
  (464,6,2,15,'[blaze]','2008-05-28 22:46:10'),
  (465,6,2,14,'[blaze][127.0.0.1]','2008-05-28 22:46:34'),
  (466,6,2,14,'[blaze][127.0.0.1]','2008-05-28 22:47:42'),
  (467,134,2,14,'[douhao][127.0.0.1]','2008-05-28 22:53:11'),
  (468,134,2,14,'[douhao][127.0.0.1]','2008-05-28 23:20:36'),
  (469,134,2,14,'[douhao][127.0.0.1]','2008-05-28 23:29:23'),
  (470,6,2,14,'[blaze][127.0.0.1]','2008-05-28 23:49:38'),
  (471,6,2,14,'[blaze][127.0.0.1]','2008-05-29 00:08:47'),
  (472,6,2,15,'[blaze]','2008-05-29 00:21:20'),
  (473,6,2,14,'[blaze][127.0.0.1]','2008-05-29 00:43:32'),
  (474,6,2,14,'[blaze][127.0.0.1]','2008-05-29 01:06:28'),
  (475,6,2,14,'[blaze][127.0.0.1]','2008-05-29 01:11:53'),
  (476,6,2,14,'[blaze][127.0.0.1]','2008-05-29 01:16:35'),
  (477,6,2,14,'[blaze][127.0.0.1]','2008-05-29 01:26:01'),
  (478,6,2,14,'[blaze][127.0.0.1]','2008-05-29 01:29:57'),
  (479,6,2,14,'[blaze][192.168.20.169]','2008-05-29 10:27:47'),
  (480,6,2,15,'[blaze]','2008-05-29 10:45:00'),
  (481,132,2,14,'[huangbiao][127.0.0.1]','2008-05-29 13:17:52'),
  (482,133,2,14,'[wangzhiguang][192.168.20.149]','2008-05-29 14:40:37'),
  (483,6,2,14,'[blaze][192.168.20.169]','2008-05-29 14:45:44'),
  (484,6,2,14,'[blaze][192.168.20.146]','2008-05-29 14:49:32'),
  (485,6,2,14,'[blaze][192.168.20.169]','2008-05-29 14:52:14'),
  (486,6,2,14,'[blaze][192.168.20.74]','2008-05-29 14:55:33'),
  (487,133,2,15,'[wangzhiguang]','2008-05-29 14:57:01'),
  (488,133,2,14,'[wangzhiguang][192.168.20.149]','2008-05-29 14:57:05'),
  (489,6,2,15,'[blaze]','2008-05-29 14:59:01'),
  (490,133,2,14,'[wangzhiguang][127.0.0.1]','2008-05-29 15:02:16'),
  (491,134,2,14,'[douhao][192.168.20.146]','2008-05-29 15:02:19'),
  (492,6,2,14,'[blaze][192.168.20.169]','2008-05-29 15:05:11'),
  (493,6,2,14,'[blaze][192.168.20.74]','2008-05-29 15:13:07'),
  (494,133,2,15,'[wangzhiguang]','2008-05-29 15:15:42'),
  (495,6,2,14,'[blaze][192.168.20.169]','2008-05-29 15:16:16'),
  (496,133,2,15,'[wangzhiguang]','2008-05-29 15:31:25'),
  (497,133,2,14,'[wangzhiguang][127.0.0.1]','2008-05-29 15:34:33'),
  (498,133,2,15,'[wangzhiguang]','2008-05-29 15:38:40'),
  (499,6,2,14,'[blaze][192.168.20.74]','2008-05-29 15:43:19'),
  (500,133,2,14,'[wangzhiguang][127.0.0.1]','2008-05-29 15:46:45');

COMMIT;

#
# Data for the `system_log` table  (LIMIT 500,500)
#

INSERT INTO `system_log` (`ID`, `OPERATOR`, `OPERATION`, `TARGET`, `DESCRIPTION`, `LOGTIME`) VALUES 
  (501,133,2,15,'[wangzhiguang]','2008-05-29 15:52:26'),
  (502,133,2,14,'[wangzhiguang][127.0.0.1]','2008-05-29 15:52:57'),
  (503,6,2,15,'[blaze]','2008-05-29 15:58:42'),
  (504,133,2,15,'[wangzhiguang]','2008-05-29 16:08:40'),
  (505,134,2,15,'[douhao]','2008-05-29 16:13:08'),
  (506,132,2,15,'[huangbiao]','2008-05-29 16:13:08'),
  (507,6,2,14,'[blaze][127.0.0.1]','2008-05-29 16:14:36'),
  (508,6,2,14,'[blaze][192.168.20.146]','2008-05-29 16:16:21'),
  (509,132,2,14,'[huangbiao][127.0.0.1]','2008-05-29 16:16:35'),
  (510,6,2,14,'[blaze][192.168.20.169]','2008-05-29 16:24:59'),
  (511,132,2,15,'[huangbiao]','2008-05-29 16:34:40'),
  (512,133,2,14,'[wangzhiguang][127.0.0.1]','2008-05-29 16:34:50'),
  (513,133,2,14,'[wangzhiguang][127.0.0.1]','2008-05-29 16:38:34'),
  (514,133,2,15,'[wangzhiguang]','2008-05-29 16:40:24'),
  (515,6,2,14,'[blaze][192.168.20.146]','2008-05-29 16:42:01'),
  (516,6,2,14,'[blaze][192.168.20.169]','2008-05-29 16:54:40'),
  (517,134,2,14,'[douhao][192.168.20.146]','2008-05-29 17:04:25'),
  (518,133,2,14,'[wangzhiguang][127.0.0.1]','2008-05-29 17:32:16'),
  (519,133,2,15,'[wangzhiguang]','2008-05-29 17:41:52'),
  (520,133,2,14,'[wangzhiguang][192.168.20.149]','2008-05-29 17:45:45'),
  (521,133,2,14,'[wangzhiguang][127.0.0.1]','2008-05-29 17:48:12'),
  (522,133,2,15,'[wangzhiguang]','2008-05-29 17:54:55'),
  (523,133,2,14,'[wangzhiguang][127.0.0.1]','2008-05-29 17:55:38'),
  (524,133,2,15,'[wangzhiguang]','2008-05-29 18:02:44'),
  (525,133,2,15,'[wangzhiguang]','2008-05-29 18:16:20'),
  (526,133,2,14,'[wangzhiguang][192.168.20.149]','2008-05-29 18:47:16'),
  (527,133,2,15,'[wangzhiguang]','2008-05-29 19:02:47'),
  (528,133,2,14,'[wangzhiguang][127.0.0.1]','2008-05-29 19:28:43'),
  (529,133,2,14,'[wangzhiguang][192.168.20.149]','2008-05-29 19:29:08'),
  (530,133,2,15,'[wangzhiguang]','2008-05-29 19:30:44'),
  (531,133,2,14,'[wangzhiguang][192.168.20.149]','2008-05-29 19:32:52'),
  (532,133,2,15,'[wangzhiguang]','2008-05-29 19:44:28'),
  (533,133,2,14,'[wangzhiguang][127.0.0.1]','2008-05-29 20:14:24'),
  (534,133,2,15,'[wangzhiguang]','2008-05-29 20:17:18'),
  (535,133,2,14,'[wangzhiguang][127.0.0.1]','2008-05-29 20:17:31'),
  (536,133,2,15,'[wangzhiguang]','2008-05-29 20:35:16'),
  (537,133,2,14,'[wangzhiguang][127.0.0.1]','2008-05-29 20:35:51'),
  (538,132,2,14,'[huangbiao][192.168.20.74]','2008-05-29 20:36:13'),
  (539,134,2,14,'[douhao][192.168.20.146]','2008-05-29 20:44:10'),
  (540,133,2,15,'[wangzhiguang]','2008-05-29 20:46:12'),
  (541,133,2,14,'[wangzhiguang][127.0.0.1]','2008-05-29 20:46:26'),
  (542,133,2,15,'[wangzhiguang]','2008-05-29 20:55:12'),
  (543,133,2,14,'[wangzhiguang][127.0.0.1]','2008-05-29 20:55:28'),
  (544,6,2,14,'[blaze][192.168.20.74]','2008-05-29 21:00:51'),
  (545,134,2,14,'[douhao][192.168.20.146]','2008-05-29 21:02:46'),
  (546,134,2,14,'[douhao][192.168.20.146]','2008-05-29 21:06:28'),
  (547,134,2,14,'[douhao][192.168.20.146]','2008-05-29 21:06:55'),
  (548,134,2,15,'[douhao]','2008-05-29 21:21:40'),
  (549,133,2,15,'[wangzhiguang]','2008-05-29 21:24:23'),
  (550,134,2,14,'[douhao][192.168.20.146]','2008-05-29 21:24:54'),
  (551,133,2,14,'[wangzhiguang][127.0.0.1]','2008-05-29 21:26:57'),
  (552,133,2,15,'[wangzhiguang]','2008-05-29 21:27:49'),
  (553,133,2,14,'[wangzhiguang][127.0.0.1]','2008-05-29 21:28:04'),
  (554,133,2,15,'[wangzhiguang]','2008-05-29 21:28:35'),
  (555,133,2,14,'[wangzhiguang][127.0.0.1]','2008-05-29 21:29:54'),
  (556,6,2,15,'[blaze]','2008-05-29 21:31:01'),
  (557,133,2,15,'[wangzhiguang]','2008-05-29 21:32:02'),
  (558,136,2,14,'[liujun][192.168.20.169]','2008-05-29 21:32:47'),
  (559,134,2,14,'[douhao][192.168.20.146]','2008-05-29 21:44:31'),
  (560,136,2,15,'[liujun]','2008-05-29 22:15:41'),
  (561,134,2,14,'[douhao][192.168.20.169]','2008-05-29 22:17:34'),
  (562,6,2,14,'[blaze][192.168.20.74]','2008-05-29 22:20:13'),
  (563,132,2,14,'[huangbiao][127.0.0.1]','2008-05-29 22:22:14'),
  (564,132,2,15,'[huangbiao]','2008-05-29 22:27:04'),
  (565,132,2,14,'[huangbiao][192.168.20.74]','2008-05-29 22:33:13'),
  (566,6,2,15,'[blaze]','2008-05-29 22:35:21'),
  (567,132,2,15,'[huangbiao]','2008-05-29 22:48:21'),
  (568,132,2,14,'[huangbiao][192.168.20.74]','2008-05-29 22:51:01'),
  (569,6,2,14,'[blaze][127.0.0.1]','2008-05-29 22:52:43'),
  (570,6,2,14,'[blaze][127.0.0.1]','2008-05-29 22:56:22'),
  (571,133,2,14,'[wangzhiguang][127.0.0.1]','2008-05-29 22:56:34'),
  (572,133,2,15,'[wangzhiguang]','2008-05-29 22:56:42'),
  (573,6,2,15,'[blaze]','2008-05-29 22:57:31'),
  (574,1,1,1081,'[][22.57_][]','2008-05-29 22:59:38'),
  (575,1,1,1092,'[][22.57_][]','2008-05-29 22:59:38'),
  (576,1,1,1081,'[][22.57_][]','2008-05-29 23:00:34'),
  (577,1,1,1092,'[][22.57_][]','2008-05-29 23:00:35'),
  (578,134,4,1092,'[douhao][22.57_][]','2008-05-29 23:02:46'),
  (579,134,4,1081,'[douhao][22.57_][]','2008-05-29 23:03:14'),
  (580,132,2,15,'[huangbiao]','2008-05-29 23:06:02'),
  (581,134,2,14,'[douhao][192.168.20.146]','2008-05-29 23:08:20'),
  (582,6,2,14,'[blaze][127.0.0.1]','2008-05-29 23:11:40'),
  (583,1,1,1081,'[][22.57_][]','2008-05-29 23:13:09'),
  (584,1,1,1092,'[][22.57_][]','2008-05-29 23:13:09'),
  (585,134,2,14,'[douhao][192.168.20.146]','2008-05-29 23:19:20'),
  (586,1,1,1081,'[][22.57_][]','2008-05-29 23:20:32'),
  (587,1,1,1092,'[][22.57_][]','2008-05-29 23:20:33'),
  (588,1,1,1092,'[][22.57_][]','2008-05-29 23:22:17'),
  (589,1,1,1081,'[][22.57_][]','2008-05-29 23:22:17'),
  (590,1,1,1103,'[][22.57_][]','2008-05-29 23:23:03'),
  (591,1,1,1114,'[][22.57_01][]','2008-05-29 23:24:27'),
  (592,134,4,1114,'[douhao][22.57_01][]','2008-05-29 23:25:18'),
  (593,134,4,1103,'[douhao][22.57_][]','2008-05-29 23:26:06'),
  (594,134,4,1081,'[douhao][22.57_][]','2008-05-29 23:26:42'),
  (595,6,2,15,'[blaze]','2008-05-29 23:31:20'),
  (596,6,2,14,'[blaze][127.0.0.1]','2008-05-29 23:31:50'),
  (597,6,2,14,'[blaze][127.0.0.1]','2008-05-29 23:35:12'),
  (598,6,2,15,'[blaze]','2008-05-29 23:36:08'),
  (599,6,2,14,'[blaze][127.0.0.1]','2008-05-29 23:36:20'),
  (600,134,2,15,'[douhao]','2008-05-29 23:36:50'),
  (601,6,2,14,'[blaze][127.0.0.1]','2008-05-29 23:38:49'),
  (602,6,2,14,'[blaze][127.0.0.1]','2008-05-29 23:41:23'),
  (603,6,2,14,'[blaze][127.0.0.1]','2008-05-29 23:43:39'),
  (604,134,2,14,'[douhao][192.168.20.146]','2008-05-29 23:44:41'),
  (605,134,2,15,'[douhao]','2008-05-29 23:45:34'),
  (606,6,2,14,'[blaze][127.0.0.1]','2008-05-29 23:47:19'),
  (607,6,2,14,'[blaze][127.0.0.1]','2008-05-29 23:50:00'),
  (608,6,2,15,'[blaze]','2008-05-29 23:51:44'),
  (609,6,2,14,'[blaze][127.0.0.1]','2008-05-29 23:51:58'),
  (610,6,4,1169,'[blaze][huangbiao_][]','2008-05-29 23:56:41'),
  (611,6,2,15,'[blaze]','2008-05-29 23:57:42'),
  (612,132,2,14,'[huangbiao][127.0.0.1]','2008-05-30 00:00:40'),
  (613,133,2,14,'[wangzhiguang][192.168.20.149]','2008-05-30 00:01:04'),
  (614,132,2,15,'[huangbiao]','2008-05-30 00:01:17'),
  (615,133,2,15,'[wangzhiguang]','2008-05-30 00:01:17'),
  (616,133,2,14,'[wangzhiguang][192.168.20.149]','2008-05-30 00:02:06'),
  (617,6,2,14,'[blaze][127.0.0.1]','2008-05-30 00:02:28'),
  (618,134,2,14,'[douhao][192.168.20.146]','2008-05-30 00:02:54'),
  (619,133,2,14,'[wangzhiguang][192.168.20.149]','2008-05-30 00:03:19'),
  (620,134,2,14,'[douhao][192.168.20.146]','2008-05-30 00:04:39'),
  (621,133,2,14,'[wangzhiguang][192.168.20.149]','2008-05-30 00:05:16'),
  (622,6,2,14,'[blaze][127.0.0.1]','2008-05-30 00:06:47'),
  (623,6,4,894,'[blaze][liujun_][]','2008-05-30 00:07:20'),
  (624,133,2,15,'[wangzhiguang]','2008-05-30 00:18:20'),
  (625,6,2,15,'[blaze]','2008-05-30 00:18:40'),
  (626,134,2,15,'[douhao]','2008-05-30 00:19:20'),
  (627,134,2,14,'[douhao][192.168.20.146]','2008-05-30 00:19:27'),
  (628,6,2,14,'[blaze][127.0.0.1]','2008-05-30 00:19:32'),
  (629,136,2,14,'[liujun][192.168.20.169]','2008-05-30 00:22:17'),
  (630,6,2,14,'[blaze][192.168.20.74]','2008-05-30 00:24:58'),
  (631,134,2,15,'[douhao]','2008-05-30 00:26:20'),
  (632,6,2,14,'[blaze][192.168.20.146]','2008-05-30 00:26:26'),
  (633,133,2,14,'[wangzhiguang][192.168.20.149]','2008-05-30 00:26:38'),
  (634,6,2,14,'[blaze][127.0.0.1]','2008-05-30 00:29:19'),
  (635,6,2,15,'[blaze]','2008-05-30 00:29:24'),
  (636,6,2,14,'[blaze][127.0.0.1]','2008-05-30 00:29:39'),
  (637,6,4,894,'[blaze][liujun_][]','2008-05-30 00:29:58'),
  (638,6,4,1169,'[blaze][huangbiao_][]','2008-05-30 00:29:58'),
  (639,6,2,14,'[blaze][127.0.0.1]','2008-05-30 00:30:59'),
  (640,6,2,15,'[blaze]','2008-05-30 00:31:06'),
  (641,6,2,14,'[blaze][127.0.0.1]','2008-05-30 00:31:19'),
  (642,6,4,1169,'[blaze][huangbiao_][]','2008-05-30 00:31:35'),
  (643,6,4,894,'[blaze][liujun_][]','2008-05-30 00:31:35'),
  (644,133,2,15,'[wangzhiguang]','2008-05-30 00:33:21'),
  (645,6,2,14,'[blaze][192.168.20.149]','2008-05-30 00:34:09'),
  (646,6,2,14,'[blaze][192.168.20.146]','2008-05-30 00:36:05'),
  (647,133,2,14,'[wangzhiguang][127.0.0.1]','2008-05-30 00:37:33'),
  (648,136,2,15,'[liujun]','2008-05-30 00:39:01'),
  (649,6,2,15,'[blaze]','2008-05-30 00:40:41'),
  (650,134,2,14,'[douhao][192.168.20.146]','2008-05-30 00:41:18'),
  (651,6,2,14,'[blaze][127.0.0.1]','2008-05-30 00:44:38'),
  (652,6,2,15,'[blaze]','2008-05-30 00:44:44'),
  (653,6,2,14,'[blaze][127.0.0.1]','2008-05-30 00:44:58'),
  (654,6,2,15,'[blaze]','2008-05-30 00:46:52'),
  (655,134,2,15,'[douhao]','2008-05-30 00:47:52'),
  (656,134,2,14,'[douhao][192.168.20.146]','2008-05-30 00:49:12'),
  (657,133,2,15,'[wangzhiguang]','2008-05-30 00:51:49'),
  (658,6,2,14,'[blaze][192.168.20.169]','2008-05-30 00:58:14'),
  (659,6,2,15,'[blaze]','2008-05-30 01:27:26'),
  (660,6,2,14,'[blaze][192.168.20.169]','2008-05-30 09:08:29'),
  (661,132,2,14,'[huangbiao][192.168.20.74]','2008-05-30 09:17:00'),
  (662,6,2,15,'[blaze]','2008-05-30 09:24:59'),
  (663,6,2,14,'[blaze][127.0.0.1]','2008-05-30 09:38:45'),
  (664,6,2,14,'[blaze][127.0.0.1]','2008-05-30 09:50:48'),
  (665,6,2,14,'[blaze][127.0.0.1]','2008-05-30 09:52:31'),
  (666,6,2,14,'[blaze][127.0.0.1]','2008-05-30 09:56:31'),
  (667,6,2,15,'[blaze]','2008-05-30 10:00:01'),
  (668,132,2,15,'[huangbiao]','2008-05-30 10:00:19'),
  (669,133,2,14,'[wangzhiguang][192.168.20.149]','2008-05-30 10:24:03'),
  (670,133,2,14,'[wangzhiguang][192.168.20.149]','2008-05-30 10:26:43'),
  (671,133,2,14,'[wangzhiguang][192.168.20.149]','2008-05-30 10:30:17'),
  (672,133,2,14,'[wangzhiguang][127.0.0.1]','2008-05-30 10:32:46'),
  (673,133,2,15,'[wangzhiguang]','2008-05-30 10:38:15'),
  (674,133,2,14,'[wangzhiguang][127.0.0.1]','2008-05-30 10:38:30'),
  (675,133,2,15,'[wangzhiguang]','2008-05-30 10:39:39'),
  (676,133,2,15,'[wangzhiguang]','2008-05-30 10:41:03'),
  (677,6,2,14,'[blaze][127.0.0.1]','2008-05-30 10:43:31'),
  (678,133,2,14,'[wangzhiguang][127.0.0.1]','2008-05-30 10:47:31'),
  (679,133,2,14,'[wangzhiguang][192.168.20.149]','2008-05-30 10:52:44'),
  (680,133,2,14,'[wangzhiguang][192.168.20.149]','2008-05-30 10:55:32'),
  (681,6,2,14,'[blaze][192.168.20.74]','2008-05-30 11:03:54'),
  (682,133,2,15,'[wangzhiguang]','2008-05-30 11:05:07'),
  (683,133,2,15,'[wangzhiguang]','2008-05-30 11:08:23'),
  (684,133,2,14,'[wangzhiguang][127.0.0.1]','2008-05-30 11:08:55'),
  (685,133,2,15,'[wangzhiguang]','2008-05-30 11:10:48'),
  (686,133,2,14,'[wangzhiguang][127.0.0.1]','2008-05-30 11:11:29'),
  (687,6,2,14,'[blaze][127.0.0.1]','2008-05-30 11:15:32'),
  (688,6,2,15,'[blaze]','2008-05-30 11:16:38'),
  (689,6,2,14,'[blaze][127.0.0.1]','2008-05-30 11:16:59'),
  (690,6,2,14,'[blaze][127.0.0.1]','2008-05-30 11:19:14'),
  (691,6,2,14,'[blaze][127.0.0.1]','2008-05-30 11:26:03'),
  (692,133,2,15,'[wangzhiguang]','2008-05-30 11:27:50'),
  (693,133,2,14,'[wangzhiguang][127.0.0.1]','2008-05-30 11:28:05'),
  (694,6,2,15,'[blaze]','2008-05-30 11:32:20'),
  (695,133,2,15,'[wangzhiguang]','2008-05-30 11:40:56'),
  (696,133,2,14,'[wangzhiguang][127.0.0.1]','2008-05-30 11:43:58'),
  (697,6,2,14,'[blaze][127.0.0.1]','2008-05-30 11:48:45'),
  (698,133,2,15,'[wangzhiguang]','2008-05-30 11:59:51'),
  (699,6,2,14,'[blaze][127.0.0.1]','2008-05-30 12:01:24'),
  (700,133,2,14,'[wangzhiguang][127.0.0.1]','2008-05-30 12:02:10'),
  (701,133,2,15,'[wangzhiguang]','2008-05-30 12:03:21'),
  (702,133,2,14,'[wangzhiguang][127.0.0.1]','2008-05-30 12:03:36'),
  (703,6,2,15,'[blaze]','2008-05-30 12:04:20'),
  (704,133,2,15,'[wangzhiguang]','2008-05-30 12:04:31'),
  (705,6,2,14,'[blaze][127.0.0.1]','2008-05-30 12:43:52'),
  (706,6,2,14,'[blaze][127.0.0.1]','2008-05-30 12:49:40'),
  (707,6,2,14,'[blaze][127.0.0.1]','2008-05-30 12:51:29'),
  (708,6,2,14,'[blaze][127.0.0.1]','2008-05-30 12:52:50'),
  (709,6,2,14,'[blaze][127.0.0.1]','2008-05-30 12:54:10'),
  (710,6,2,14,'[blaze][127.0.0.1]','2008-05-30 12:55:08'),
  (711,6,2,14,'[blaze][127.0.0.1]','2008-05-30 13:01:05'),
  (712,6,2,15,'[blaze]','2008-05-30 13:04:00'),
  (713,6,2,14,'[blaze][127.0.0.1]','2008-05-30 13:07:12'),
  (714,6,2,15,'[blaze]','2008-05-30 13:07:20'),
  (715,6,2,14,'[blaze][127.0.0.1]','2008-05-30 13:07:25'),
  (716,6,2,15,'[blaze]','2008-05-30 13:09:00'),
  (717,6,2,14,'[blaze][127.0.0.1]','2008-05-30 13:17:05'),
  (718,6,2,15,'[blaze]','2008-05-30 13:17:20'),
  (719,6,2,14,'[blaze][127.0.0.1]','2008-05-30 13:17:28'),
  (720,6,2,14,'[blaze][127.0.0.1]','2008-05-30 13:33:14'),
  (721,6,2,14,'[blaze][127.0.0.1]','2008-05-30 13:34:21'),
  (722,6,2,15,'[blaze]','2008-05-30 13:35:20'),
  (723,6,2,14,'[blaze][127.0.0.1]','2008-05-30 13:35:46'),
  (724,6,2,14,'[blaze][127.0.0.1]','2008-05-30 13:37:34'),
  (725,6,2,14,'[blaze][127.0.0.1]','2008-05-30 13:39:42'),
  (726,6,2,14,'[blaze][127.0.0.1]','2008-05-30 13:43:10'),
  (727,6,2,14,'[blaze][127.0.0.1]','2008-05-30 13:47:15'),
  (728,6,2,15,'[blaze]','2008-05-30 13:49:00'),
  (729,6,2,14,'[blaze][127.0.0.1]','2008-05-30 13:50:08'),
  (730,6,2,15,'[blaze]','2008-05-30 13:52:20'),
  (731,6,2,15,'[blaze]','2008-05-30 14:17:37'),
  (732,134,2,15,'[douhao]','2008-05-30 14:17:37'),
  (733,132,2,14,'[huangbiao][127.0.0.1]','2008-05-30 14:19:45'),
  (734,133,2,14,'[wangzhiguang][127.0.0.1]','2008-05-30 14:25:53'),
  (735,133,2,15,'[wangzhiguang]','2008-05-30 14:27:43'),
  (736,133,2,14,'[wangzhiguang][127.0.0.1]','2008-05-30 14:29:18'),
  (737,6,2,14,'[blaze][127.0.0.1]','2008-05-30 14:30:49'),
  (738,133,2,15,'[wangzhiguang]','2008-05-30 14:34:30'),
  (739,133,2,14,'[wangzhiguang][127.0.0.1]','2008-05-30 14:36:55'),
  (740,133,2,15,'[wangzhiguang]','2008-05-30 14:39:17'),
  (741,133,2,14,'[wangzhiguang][127.0.0.1]','2008-05-30 14:39:38'),
  (742,132,2,15,'[huangbiao]','2008-05-30 14:43:03'),
  (743,6,2,15,'[blaze]','2008-05-30 14:43:12'),
  (744,133,2,15,'[wangzhiguang]','2008-05-30 14:45:40'),
  (745,132,2,14,'[huangbiao][127.0.0.1]','2008-05-30 14:45:46'),
  (746,132,2,15,'[huangbiao]','2008-05-30 15:00:48'),
  (747,6,2,14,'[blaze][127.0.0.1]','2008-05-30 15:01:04'),
  (748,134,2,14,'[douhao][192.168.20.146]','2008-05-30 15:03:05'),
  (749,133,2,14,'[wangzhiguang][127.0.0.1]','2008-05-30 15:04:43'),
  (750,133,2,15,'[wangzhiguang]','2008-05-30 15:15:31'),
  (751,133,2,14,'[wangzhiguang][127.0.0.1]','2008-05-30 15:16:56'),
  (752,133,2,15,'[wangzhiguang]','2008-05-30 15:21:51'),
  (753,6,2,15,'[blaze]','2008-05-30 15:22:00'),
  (754,132,2,14,'[huangbiao][127.0.0.1]','2008-05-30 15:23:28'),
  (755,134,2,14,'[douhao][127.0.0.1]','2008-05-30 15:24:16'),
  (756,133,2,14,'[wangzhiguang][127.0.0.1]','2008-05-30 15:27:28'),
  (757,133,2,15,'[wangzhiguang]','2008-05-30 15:27:45'),
  (758,6,2,14,'[blaze][127.0.0.1]','2008-05-30 15:29:36'),
  (759,132,2,14,'[huangbiao][127.0.0.1]','2008-05-30 15:34:51'),
  (760,132,2,15,'[huangbiao]','2008-05-30 15:40:03'),
  (761,133,2,14,'[wangzhiguang][127.0.0.1]','2008-05-30 15:40:35'),
  (762,6,2,14,'[blaze][127.0.0.1]','2008-05-30 15:40:38'),
  (763,133,2,15,'[wangzhiguang]','2008-05-30 15:40:53'),
  (764,6,2,14,'[blaze][127.0.0.1]','2008-05-30 15:42:06'),
  (765,6,2,14,'[blaze][127.0.0.1]','2008-05-30 15:45:05'),
  (766,6,2,14,'[blaze][127.0.0.1]','2008-05-30 15:50:41'),
  (767,6,2,15,'[blaze]','2008-05-30 15:52:48'),
  (768,6,2,14,'[blaze][127.0.0.1]','2008-05-30 15:53:07'),
  (769,134,2,15,'[douhao]','2008-05-30 15:55:39'),
  (770,6,2,15,'[blaze]','2008-05-30 16:05:28'),
  (771,6,2,14,'[blaze][127.0.0.1]','2008-05-30 16:06:00'),
  (772,6,2,14,'[blaze][127.0.0.1]','2008-05-30 16:08:40'),
  (773,6,4,1269,'[blaze][douhao_][]','2008-05-30 16:11:43'),
  (774,6,2,15,'[blaze]','2008-05-30 16:16:29'),
  (775,6,2,14,'[blaze][127.0.0.1]','2008-05-30 16:17:05'),
  (776,6,2,14,'[blaze][127.0.0.1]','2008-05-30 16:20:49'),
  (777,134,2,15,'[douhao]','2008-05-30 16:24:22'),
  (778,6,2,14,'[blaze][127.0.0.1]','2008-05-30 16:25:32'),
  (779,6,2,15,'[blaze]','2008-05-30 16:27:42'),
  (780,6,2,14,'[blaze][127.0.0.1]','2008-05-30 16:27:53'),
  (781,6,2,14,'[blaze][127.0.0.1]','2008-05-30 16:33:10'),
  (782,6,2,15,'[blaze]','2008-05-30 16:39:11'),
  (783,6,2,14,'[blaze][127.0.0.1]','2008-05-30 16:40:42'),
  (784,6,2,14,'[blaze][127.0.0.1]','2008-05-30 16:44:04'),
  (785,6,2,15,'[blaze]','2008-05-30 16:48:09'),
  (786,6,2,14,'[blaze][127.0.0.1]','2008-05-30 16:48:25'),
  (787,133,2,14,'[wangzhiguang][127.0.0.1]','2008-05-30 16:49:31'),
  (788,6,2,15,'[blaze]','2008-05-30 16:49:44'),
  (789,6,2,14,'[blaze][127.0.0.1]','2008-05-30 16:50:04'),
  (790,6,2,15,'[blaze]','2008-05-30 16:51:17'),
  (791,6,2,15,'[blaze]','2008-05-30 16:53:07'),
  (792,6,2,14,'[blaze][127.0.0.1]','2008-05-30 16:57:34'),
  (793,6,2,15,'[blaze]','2008-05-30 16:58:38'),
  (794,6,2,14,'[blaze][127.0.0.1]','2008-05-30 17:00:55'),
  (795,133,2,15,'[wangzhiguang]','2008-05-30 17:05:20'),
  (796,134,2,14,'[douhao][192.168.20.146]','2008-05-30 17:12:09'),
  (797,6,2,14,'[blaze][192.168.20.74]','2008-05-30 17:13:59'),
  (798,134,2,14,'[douhao][127.0.0.1]','2008-05-30 17:18:25'),
  (799,6,2,14,'[blaze][127.0.0.1]','2008-05-30 17:25:38'),
  (800,6,2,15,'[blaze]','2008-05-30 17:45:40'),
  (801,6,2,14,'[blaze][127.0.0.1]','2008-05-30 17:50:42'),
  (802,6,2,15,'[blaze]','2008-05-30 18:06:14'),
  (803,6,2,14,'[blaze][127.0.0.1]','2008-05-31 14:05:10'),
  (804,6,2,14,'[blaze][127.0.0.1]','2008-05-31 14:08:21'),
  (805,6,2,14,'[blaze][127.0.0.1]','2008-05-31 14:19:53'),
  (806,6,2,15,'[blaze]','2008-05-31 14:22:05'),
  (807,132,2,14,'[huangbiao][127.0.0.1]','2008-05-31 14:33:44'),
  (808,6,2,14,'[blaze][127.0.0.1]','2008-05-31 14:36:52'),
  (809,6,2,15,'[blaze]','2008-05-31 14:48:22'),
  (810,132,2,15,'[huangbiao]','2008-05-31 14:48:22'),
  (811,132,2,14,'[huangbiao][127.0.0.1]','2008-06-02 09:26:03'),
  (812,132,2,15,'[huangbiao]','2008-06-02 09:42:08'),
  (813,6,2,14,'[blaze][127.0.0.1]','2008-06-02 09:57:41'),
  (814,6,2,15,'[blaze]','2008-06-02 10:18:50'),
  (815,6,2,14,'[blaze][127.0.0.1]','2008-06-02 10:46:13'),
  (816,6,4,1269,'[blaze][douhao_][]','2008-06-02 10:46:29'),
  (817,6,4,1346,'[blaze][wzgTestGroup_][]','2008-06-02 10:47:09'),
  (818,6,2,15,'[blaze]','2008-06-02 11:38:30'),
  (819,132,2,14,'[huangbiao][127.0.0.1]','2008-06-02 12:51:26'),
  (820,132,2,15,'[huangbiao]','2008-06-02 12:55:29'),
  (821,6,2,14,'[blaze][127.0.0.1]','2008-06-02 12:55:45'),
  (822,6,2,15,'[blaze]','2008-06-02 12:59:07'),
  (823,6,2,14,'[blaze][127.0.0.1]','2008-06-02 12:59:42'),
  (824,6,2,15,'[blaze]','2008-06-02 13:01:15'),
  (825,132,2,14,'[huangbiao][127.0.0.1]','2008-06-02 15:12:08'),
  (826,132,2,15,'[huangbiao]','2008-06-02 15:28:19'),
  (827,6,2,14,'[blaze][127.0.0.1]','2008-06-02 15:34:52'),
  (828,132,2,14,'[huangbiao][127.0.0.1]','2008-06-02 15:35:30'),
  (829,6,2,15,'[blaze]','2008-06-02 15:50:20'),
  (830,132,2,15,'[huangbiao]','2008-06-02 15:53:40'),
  (831,132,2,14,'[huangbiao][127.0.0.1]','2008-06-02 20:04:16'),
  (832,132,2,15,'[huangbiao]','2008-06-02 20:11:55'),
  (833,132,2,14,'[huangbiao][127.0.0.1]','2008-06-02 20:16:49'),
  (834,132,2,15,'[huangbiao]','2008-06-02 20:33:20'),
  (835,6,2,14,'[blaze][127.0.0.1]','2008-06-02 20:43:01'),
  (836,6,2,14,'[blaze][127.0.0.1]','2008-06-02 20:45:53'),
  (837,6,2,14,'[blaze][127.0.0.1]','2008-06-02 20:48:04'),
  (838,132,2,14,'[huangbiao][127.0.0.1]','2008-06-02 20:55:48'),
  (839,6,2,15,'[blaze]','2008-06-02 20:59:20'),
  (840,6,2,14,'[blaze][127.0.0.1]','2008-06-02 20:59:31'),
  (841,132,2,14,'[huangbiao][127.0.0.1]','2008-06-02 21:01:08'),
  (842,6,2,15,'[blaze]','2008-06-02 21:02:20'),
  (843,132,2,15,'[huangbiao]','2008-06-02 21:12:00'),
  (844,132,2,14,'[huangbiao][127.0.0.1]','2008-06-02 21:21:44'),
  (845,132,2,14,'[huangbiao][127.0.0.1]','2008-06-02 21:25:16'),
  (846,132,2,14,'[huangbiao][127.0.0.1]','2008-06-02 21:32:19'),
  (847,132,2,15,'[huangbiao]','2008-06-02 21:38:00'),
  (848,6,2,14,'[blaze][127.0.0.1]','2008-06-04 09:37:50'),
  (849,6,2,14,'[blaze][127.0.0.1]','2008-06-04 09:40:21'),
  (850,6,2,14,'[blaze][127.0.0.1]','2008-06-04 09:41:24'),
  (851,6,2,14,'[blaze][127.0.0.1]','2008-06-04 09:43:26'),
  (852,6,2,14,'[blaze][127.0.0.1]','2008-06-04 09:44:25'),
  (853,6,2,15,'[blaze]','2008-06-04 09:53:21'),
  (854,132,2,14,'[huangbiao][127.0.0.1]','2008-06-04 15:29:04'),
  (855,132,2,14,'[huangbiao][127.0.0.1]','2008-06-04 15:29:44'),
  (856,132,2,15,'[huangbiao]','2008-06-04 15:44:22'),
  (857,6,2,14,'[blaze][127.0.0.1]','2008-06-05 09:39:31'),
  (858,6,2,15,'[blaze]','2008-06-05 09:56:22'),
  (859,6,2,14,'[blaze][127.0.0.1]','2008-06-05 10:24:07'),
  (860,6,2,14,'[blaze][127.0.0.1]','2008-06-05 10:26:28'),
  (861,6,2,15,'[blaze]','2008-06-05 10:39:40'),
  (862,6,2,14,'[blaze][127.0.0.1]','2008-06-05 10:42:06'),
  (863,6,2,15,'[blaze]','2008-06-05 10:42:40'),
  (864,6,2,14,'[blaze][127.0.0.1]','2008-06-05 10:45:10'),
  (865,6,2,14,'[blaze][127.0.0.1]','2008-06-05 10:50:30'),
  (866,6,2,14,'[blaze][127.0.0.1]','2008-06-05 10:56:50'),
  (867,6,2,15,'[blaze]','2008-06-05 10:57:40'),
  (868,6,2,14,'[blaze][127.0.0.1]','2008-06-05 11:01:32'),
  (869,6,2,14,'[blaze][127.0.0.1]','2008-06-05 11:04:00'),
  (870,6,2,15,'[blaze]','2008-06-05 11:06:00'),
  (871,132,2,14,'[huangbiao][127.0.0.1]','2008-06-05 13:55:20'),
  (872,132,2,14,'[huangbiao][127.0.0.1]','2008-06-05 14:00:09'),
  (873,132,2,15,'[huangbiao]','2008-06-05 14:14:40'),
  (874,6,2,14,'[blaze][127.0.0.1]','2008-06-05 15:31:10'),
  (875,6,2,15,'[blaze]','2008-06-05 15:46:39'),
  (876,132,2,14,'[huangbiao][127.0.0.1]','2008-06-05 15:59:01'),
  (877,6,2,14,'[blaze][127.0.0.1]','2008-06-05 16:09:56'),
  (878,132,2,15,'[huangbiao]','2008-06-05 16:12:50'),
  (879,6,2,15,'[blaze]','2008-06-05 16:12:50'),
  (880,132,2,14,'[huangbiao][127.0.0.1]','2008-06-06 09:47:55'),
  (881,132,2,14,'[huangbiao][127.0.0.1]','2008-06-06 10:46:30'),
  (882,132,4,1379,'[huangbiao][22.57_01][]','2008-06-06 10:48:21'),
  (883,132,2,15,'[huangbiao]','2008-06-06 10:53:02'),
  (884,132,2,14,'[huangbiao][127.0.0.1]','2008-06-06 10:53:29'),
  (885,132,2,15,'[huangbiao]','2008-06-06 11:06:59'),
  (886,132,2,14,'[huangbiao][127.0.0.1]','2008-06-06 11:07:22'),
  (887,132,2,15,'[huangbiao]','2008-06-06 12:08:20'),
  (888,132,2,14,'[huangbiao][127.0.0.1]','2008-06-06 12:20:24'),
  (889,132,2,15,'[huangbiao]','2008-06-06 13:04:39'),
  (890,132,2,14,'[huangbiao][127.0.0.1]','2008-06-06 14:33:38'),
  (891,132,2,15,'[huangbiao]','2008-06-06 14:49:00'),
  (892,132,2,14,'[huangbiao][127.0.0.1]','2008-06-07 12:36:50'),
  (893,132,2,15,'[huangbiao]','2008-06-07 13:26:54'),
  (894,132,2,14,'[huangbiao][127.0.0.1]','2008-06-07 13:39:44'),
  (895,132,2,14,'[huangbiao][127.0.0.1]','2008-06-07 13:50:53'),
  (896,132,2,15,'[huangbiao]','2008-06-07 14:03:40'),
  (897,6,2,14,'[blaze][127.0.0.1]','2008-06-07 14:17:42'),
  (898,6,2,14,'[blaze][127.0.0.1]','2008-06-07 14:18:39'),
  (899,132,2,14,'[huangbiao][127.0.0.1]','2008-06-07 14:20:39'),
  (900,132,2,14,'[huangbiao][127.0.0.1]','2008-06-07 14:27:45'),
  (901,6,2,15,'[blaze]','2008-06-07 14:33:20'),
  (902,132,2,15,'[huangbiao]','2008-06-07 14:37:00'),
  (903,6,2,14,'[blaze][127.0.0.1]','2008-06-07 14:41:27'),
  (904,132,2,14,'[huangbiao][127.0.0.1]','2008-06-07 14:44:07'),
  (905,132,2,15,'[huangbiao]','2008-06-07 14:44:20'),
  (906,132,2,14,'[huangbiao][127.0.0.1]','2008-06-07 14:45:54'),
  (907,6,2,14,'[blaze][127.0.0.1]','2008-06-07 14:47:17'),
  (908,6,2,14,'[blaze][127.0.0.1]','2008-06-07 14:48:20'),
  (909,6,2,15,'[blaze]','2008-06-07 14:57:00'),
  (910,6,2,14,'[blaze][127.0.0.1]','2008-06-07 14:59:22'),
  (911,132,2,15,'[huangbiao]','2008-06-07 15:01:20'),
  (912,6,2,15,'[blaze]','2008-06-07 15:02:40'),
  (913,132,2,14,'[huangbiao][127.0.0.1]','2008-06-07 15:03:56'),
  (914,6,2,14,'[blaze][127.0.0.1]','2008-06-07 15:09:16'),
  (915,6,2,14,'[blaze][127.0.0.1]','2008-06-07 15:16:38'),
  (916,6,2,14,'[blaze][127.0.0.1]','2008-06-07 15:17:57'),
  (917,6,2,14,'[blaze][127.0.0.1]','2008-06-07 15:22:03'),
  (918,132,2,15,'[huangbiao]','2008-06-07 15:23:00'),
  (919,6,2,15,'[blaze]','2008-06-07 15:24:40'),
  (920,6,2,14,'[blaze][127.0.0.1]','2008-06-07 15:25:36'),
  (921,6,2,14,'[blaze][127.0.0.1]','2008-06-07 15:29:44'),
  (922,6,2,14,'[blaze][127.0.0.1]','2008-06-07 15:30:13'),
  (923,6,2,15,'[blaze]','2008-06-07 15:32:00'),
  (924,132,2,14,'[huangbiao][127.0.0.1]','2008-06-07 15:32:58'),
  (925,6,2,14,'[blaze][127.0.0.1]','2008-06-07 15:39:58'),
  (926,6,2,14,'[blaze][127.0.0.1]','2008-06-07 15:40:55'),
  (927,6,2,15,'[blaze]','2008-06-07 15:41:00'),
  (928,6,2,14,'[blaze][127.0.0.1]','2008-06-07 15:41:09'),
  (929,6,2,14,'[blaze][127.0.0.1]','2008-06-07 15:42:28'),
  (930,6,2,15,'[blaze]','2008-06-07 15:45:00'),
  (931,6,2,14,'[blaze][127.0.0.1]','2008-06-07 15:47:36'),
  (932,132,2,15,'[huangbiao]','2008-06-07 15:49:40'),
  (933,6,2,15,'[blaze]','2008-06-07 15:55:40'),
  (934,6,2,14,'[blaze][127.0.0.1]','2008-06-07 16:05:38'),
  (935,132,2,14,'[huangbiao][127.0.0.1]','2008-06-07 16:14:05'),
  (936,6,2,14,'[blaze][127.0.0.1]','2008-06-07 16:14:28'),
  (937,6,2,15,'[blaze]','2008-06-07 16:21:00'),
  (938,132,2,14,'[huangbiao][127.0.0.1]','2008-06-07 16:21:26'),
  (939,132,2,15,'[huangbiao]','2008-06-07 16:27:24'),
  (940,6,2,14,'[blaze][127.0.0.1]','2008-06-07 16:31:11'),
  (941,6,2,15,'[blaze]','2008-06-07 16:43:35'),
  (942,6,2,14,'[blaze][127.0.0.1]','2008-06-07 17:00:18'),
  (943,6,2,14,'[blaze][127.0.0.1]','2008-06-07 17:01:11'),
  (944,6,2,15,'[blaze]','2008-06-07 17:02:42'),
  (945,6,2,14,'[blaze][127.0.0.1]','2008-06-07 17:04:22'),
  (946,6,2,14,'[blaze][127.0.0.1]','2008-06-07 17:05:22'),
  (947,6,2,14,'[blaze][127.0.0.1]','2008-06-07 17:05:59'),
  (948,132,2,14,'[huangbiao][127.0.0.1]','2008-06-07 17:08:21'),
  (949,132,2,14,'[huangbiao][127.0.0.1]','2008-06-07 17:09:18'),
  (950,6,2,14,'[blaze][127.0.0.1]','2008-06-07 17:11:00'),
  (951,6,2,14,'[blaze][127.0.0.1]','2008-06-07 17:14:17'),
  (952,6,2,15,'[blaze]','2008-06-07 17:19:40'),
  (953,132,2,15,'[huangbiao]','2008-06-07 17:24:00'),
  (954,132,2,14,'[huangbiao][127.0.0.1]','2008-06-07 17:25:04'),
  (955,132,2,15,'[huangbiao]','2008-06-07 17:25:40'),
  (956,6,2,14,'[blaze][127.0.0.1]','2008-06-07 17:25:49'),
  (957,6,2,15,'[blaze]','2008-06-07 17:26:20'),
  (958,6,2,14,'[blaze][127.0.0.1]','2008-06-07 17:27:34'),
  (959,6,2,14,'[blaze][127.0.0.1]','2008-06-07 17:28:18'),
  (960,6,2,15,'[blaze]','2008-06-07 17:29:11'),
  (961,6,2,14,'[blaze][127.0.0.1]','2008-06-07 17:29:25'),
  (962,132,2,14,'[huangbiao][127.0.0.1]','2008-06-07 17:31:22'),
  (963,6,2,14,'[blaze][127.0.0.1]','2008-06-07 17:31:46'),
  (964,132,2,15,'[huangbiao]','2008-06-07 17:32:13'),
  (965,6,2,15,'[blaze]','2008-06-07 17:32:13'),
  (966,6,2,14,'[blaze][127.0.0.1]','2008-06-07 17:32:33'),
  (967,6,2,15,'[blaze]','2008-06-07 17:33:01'),
  (968,6,2,14,'[blaze][127.0.0.1]','2008-06-07 17:33:13'),
  (969,6,2,14,'[blaze][127.0.0.1]','2008-06-07 17:34:51'),
  (970,6,2,14,'[blaze][127.0.0.1]','2008-06-07 17:35:23'),
  (971,132,2,14,'[huangbiao][127.0.0.1]','2008-06-07 17:36:13'),
  (972,6,2,14,'[blaze][127.0.0.1]','2008-06-07 17:37:31'),
  (973,6,2,15,'[blaze]','2008-06-07 17:43:18'),
  (974,132,2,15,'[huangbiao]','2008-06-07 17:43:18'),
  (975,6,2,14,'[blaze][127.0.0.1]','2008-06-08 10:07:29'),
  (976,6,2,15,'[blaze]','2008-06-08 10:21:27'),
  (977,132,2,14,'[huangbiao][127.0.0.1]','2008-06-08 10:21:39'),
  (978,132,2,15,'[huangbiao]','2008-06-08 16:43:56'),
  (979,132,2,14,'[huangbiao][127.0.0.1]','2008-06-10 13:45:15'),
  (980,132,2,14,'[huangbiao][127.0.0.1]','2008-06-10 13:47:54'),
  (981,132,2,15,'[huangbiao]','2008-06-10 13:48:11'),
  (982,132,2,14,'[huangbiao][127.0.0.1]','2008-06-10 13:57:44'),
  (983,132,2,14,'[huangbiao][127.0.0.1]','2008-06-10 14:02:02'),
  (984,132,2,15,'[huangbiao]','2008-06-10 14:16:40'),
  (985,132,2,14,'[huangbiao][127.0.0.1]','2008-06-13 17:10:20'),
  (986,132,2,14,'[huangbiao][127.0.0.1]','2008-06-13 17:16:51'),
  (987,132,2,14,'[huangbiao][127.0.0.1]','2008-06-13 17:23:05'),
  (988,132,2,14,'[huangbiao][127.0.0.1]','2008-06-13 17:25:44'),
  (989,132,2,15,'[huangbiao]','2008-06-13 17:30:20'),
  (990,132,2,14,'[huangbiao][127.0.0.1]','2008-06-16 09:36:46'),
  (991,132,2,14,'[huangbiao][127.0.0.1]','2008-06-16 09:41:13'),
  (992,132,2,14,'[huangbiao][127.0.0.1]','2008-06-16 09:47:17'),
  (993,132,2,15,'[huangbiao]','2008-06-16 09:52:40'),
  (994,132,2,14,'[huangbiao][127.0.0.1]','2008-06-16 09:57:06'),
  (995,132,2,15,'[huangbiao]','2008-06-16 10:02:00'),
  (996,132,2,14,'[huangbiao][127.0.0.1]','2008-06-16 10:19:59'),
  (997,132,2,15,'[huangbiao]','2008-06-16 10:38:00'),
  (998,132,2,14,'[huangbiao][127.0.0.1]','2008-06-16 10:55:45'),
  (999,132,2,14,'[huangbiao][127.0.0.1]','2008-06-16 10:56:33'),
  (1000,132,2,15,'[huangbiao]','2008-06-16 10:56:39');

COMMIT;

#
# Data for the `system_log` table  (LIMIT 1000,500)
#

INSERT INTO `system_log` (`ID`, `OPERATOR`, `OPERATION`, `TARGET`, `DESCRIPTION`, `LOGTIME`) VALUES 
  (1001,132,2,14,'[huangbiao][127.0.0.1]','2008-06-16 10:56:51'),
  (1002,132,2,15,'[huangbiao]','2008-06-16 11:12:00'),
  (1003,132,2,14,'[huangbiao][127.0.0.1]','2008-06-16 11:38:55'),
  (1004,132,2,15,'[huangbiao]','2008-06-16 12:15:20'),
  (1005,132,2,14,'[huangbiao][127.0.0.1]','2008-06-16 17:54:38'),
  (1006,132,2,14,'[huangbiao][127.0.0.1]','2008-06-16 17:55:48'),
  (1007,132,2,15,'[huangbiao]','2008-06-16 18:09:59'),
  (1008,132,2,14,'[huangbiao][127.0.0.1]','2008-06-17 10:46:22'),
  (1009,132,2,15,'[huangbiao]','2008-06-17 10:46:38'),
  (1010,132,2,14,'[huangbiao][127.0.0.1]','2008-06-17 10:46:51'),
  (1011,132,2,15,'[huangbiao]','2008-06-17 10:47:14'),
  (1012,132,2,14,'[huangbiao][127.0.0.1]','2008-06-17 11:33:45'),
  (1013,6,2,14,'[blaze][127.0.0.1]','2008-06-17 11:41:19'),
  (1014,6,2,14,'[blaze][127.0.0.1]','2008-06-17 11:45:32'),
  (1015,132,2,14,'[huangbiao][127.0.0.1]','2008-06-17 11:47:09'),
  (1016,132,2,15,'[huangbiao]','2008-06-17 11:54:40'),
  (1017,6,2,15,'[blaze]','2008-06-17 12:00:00'),
  (1018,132,2,14,'[huangbiao][127.0.0.1]','2008-06-17 14:10:34'),
  (1019,132,2,14,'[huangbiao][127.0.0.1]','2008-06-17 14:18:57'),
  (1020,132,2,15,'[huangbiao]','2008-06-17 14:26:20'),
  (1021,132,2,14,'[huangbiao][127.0.0.1]','2008-06-17 15:30:54'),
  (1022,132,2,15,'[huangbiao]','2008-06-17 16:04:34'),
  (1023,132,2,14,'[huangbiao][127.0.0.1]','2008-06-17 16:05:34'),
  (1024,132,2,15,'[huangbiao]','2008-06-17 16:05:40'),
  (1025,132,2,14,'[huangbiao][127.0.0.1]','2008-06-17 16:06:02'),
  (1026,132,2,15,'[huangbiao]','2008-06-17 16:08:11'),
  (1027,132,2,14,'[huangbiao][127.0.0.1]','2008-06-17 16:09:42'),
  (1028,132,2,15,'[huangbiao]','2008-06-17 16:09:55'),
  (1029,132,2,14,'[huangbiao][127.0.0.1]','2008-06-17 16:10:50'),
  (1030,132,2,15,'[huangbiao]','2008-06-17 16:11:09'),
  (1031,132,2,14,'[huangbiao][127.0.0.1]','2008-06-17 16:12:32'),
  (1032,132,2,14,'[huangbiao][127.0.0.1]','2008-06-17 16:12:50'),
  (1033,132,2,15,'[huangbiao]','2008-06-17 16:13:08'),
  (1034,132,2,14,'[huangbiao][127.0.0.1]','2008-06-17 16:15:13'),
  (1035,132,2,15,'[huangbiao]','2008-06-17 16:19:40'),
  (1036,6,2,14,'[blaze][127.0.0.1]','2008-06-17 16:23:31'),
  (1037,6,2,15,'[blaze]','2008-06-17 16:25:40'),
  (1038,6,2,14,'[blaze][127.0.0.1]','2008-06-17 16:50:35'),
  (1039,132,2,14,'[huangbiao][127.0.0.1]','2008-06-17 16:56:58'),
  (1040,132,2,15,'[huangbiao]','2008-06-17 16:58:21'),
  (1041,6,2,15,'[blaze]','2008-06-17 16:58:29'),
  (1042,132,2,14,'[huangbiao][127.0.0.1]','2008-06-17 16:59:56'),
  (1043,132,2,15,'[huangbiao]','2008-06-17 17:00:31'),
  (1044,6,2,14,'[blaze][127.0.0.1]','2008-06-17 17:05:38'),
  (1045,6,2,15,'[blaze]','2008-06-17 17:05:49'),
  (1046,132,2,14,'[huangbiao][127.0.0.1]','2008-06-17 17:29:37'),
  (1047,132,2,15,'[huangbiao]','2008-06-17 17:29:52'),
  (1048,132,2,14,'[huangbiao][127.0.0.1]','2008-06-17 17:35:21'),
  (1049,132,2,14,'[huangbiao][127.0.0.1]','2008-06-17 18:05:59'),
  (1050,132,2,14,'[huangbiao][127.0.0.1]','2008-06-17 18:06:56'),
  (1051,132,2,15,'[huangbiao]','2008-06-17 18:09:52'),
  (1052,132,2,14,'[huangbiao][127.0.0.1]','2008-06-17 18:11:26'),
  (1053,132,2,15,'[huangbiao]','2008-06-17 18:12:12'),
  (1054,132,2,14,'[huangbiao][127.0.0.1]','2008-06-18 10:10:53'),
  (1055,132,2,15,'[huangbiao]','2008-06-18 10:14:00'),
  (1056,132,2,14,'[huangbiao][127.0.0.1]','2008-06-18 10:37:26'),
  (1057,132,2,14,'[huangbiao][127.0.0.1]','2008-06-18 10:38:14'),
  (1058,132,2,15,'[huangbiao]','2008-06-18 10:38:48'),
  (1059,132,2,14,'[huangbiao][127.0.0.1]','2008-06-18 10:39:03'),
  (1060,132,2,15,'[huangbiao]','2008-06-18 10:46:13'),
  (1061,132,2,14,'[huangbiao][127.0.0.1]','2008-06-18 10:46:35'),
  (1062,132,2,15,'[huangbiao]','2008-06-18 10:53:27'),
  (1063,132,2,14,'[huangbiao][127.0.0.1]','2008-06-18 11:35:03'),
  (1064,132,2,15,'[huangbiao]','2008-06-18 11:38:32'),
  (1065,6,2,14,'[blaze][127.0.0.1]','2008-06-18 11:44:46'),
  (1066,6,2,15,'[blaze]','2008-06-18 11:45:00'),
  (1067,132,2,14,'[huangbiao][127.0.0.1]','2008-06-18 11:46:28'),
  (1068,132,2,15,'[huangbiao]','2008-06-18 11:50:12'),
  (1069,132,2,14,'[huangbiao][127.0.0.1]','2008-06-18 11:50:25'),
  (1070,132,2,15,'[huangbiao]','2008-06-18 13:34:40'),
  (1071,132,2,14,'[huangbiao][127.0.0.1]','2008-06-18 15:00:16'),
  (1072,132,2,15,'[huangbiao]','2008-06-18 15:01:20'),
  (1073,132,2,14,'[huangbiao][127.0.0.1]','2008-06-18 16:17:48'),
  (1074,132,4,1158,'[huangbiao][huangbiao_01][]','2008-06-18 16:20:22'),
  (1075,132,4,1368,'[huangbiao][huangbiao_02][]','2008-06-18 16:20:23'),
  (1076,132,2,14,'[huangbiao][127.0.0.1]','2008-06-18 16:37:21'),
  (1077,132,2,14,'[huangbiao][127.0.0.1]','2008-06-18 16:38:29'),
  (1078,6,2,14,'[blaze][127.0.0.1]','2008-06-18 16:45:20'),
  (1079,6,2,14,'[blaze][127.0.0.1]','2008-06-18 16:47:43'),
  (1080,6,2,14,'[blaze][127.0.0.1]','2008-06-18 16:52:23'),
  (1081,6,2,15,'[blaze]','2008-06-18 17:02:41'),
  (1082,132,2,14,'[huangbiao][127.0.0.1]','2008-06-18 17:06:11'),
  (1083,132,2,15,'[huangbiao]','2008-06-18 17:07:36'),
  (1084,132,2,14,'[huangbiao][127.0.0.1]','2008-06-18 17:08:14'),
  (1085,132,2,15,'[huangbiao]','2008-06-18 17:15:07'),
  (1086,132,2,14,'[huangbiao][127.0.0.1]','2008-06-18 17:15:19'),
  (1087,132,2,14,'[huangbiao][127.0.0.1]','2008-06-18 17:15:40'),
  (1088,132,2,14,'[huangbiao][127.0.0.1]','2008-06-18 17:17:33'),
  (1089,132,2,14,'[huangbiao][127.0.0.1]','2008-06-18 17:20:23'),
  (1090,132,2,14,'[huangbiao][127.0.0.1]','2008-06-18 17:22:47'),
  (1091,132,2,14,'[huangbiao][127.0.0.1]','2008-06-18 17:30:15'),
  (1092,132,2,15,'[huangbiao]','2008-06-18 17:30:30'),
  (1093,132,2,15,'[huangbiao]','2008-06-18 17:30:40'),
  (1094,6,2,14,'[blaze][127.0.0.1]','2008-06-18 17:43:49'),
  (1095,6,2,15,'[blaze]','2008-06-18 17:50:24'),
  (1096,132,2,14,'[huangbiao][127.0.0.1]','2008-06-18 18:01:11'),
  (1097,132,2,14,'[huangbiao][127.0.0.1]','2008-06-18 18:04:12'),
  (1098,132,2,15,'[huangbiao]','2008-06-18 18:04:30'),
  (1099,132,2,14,'[huangbiao][127.0.0.1]','2008-06-19 09:21:14'),
  (1100,132,2,14,'[huangbiao][127.0.0.1]','2008-06-19 09:26:30'),
  (1101,132,2,15,'[huangbiao]','2008-06-19 09:41:40'),
  (1102,132,2,14,'[huangbiao][127.0.0.1]','2008-06-19 09:51:48'),
  (1103,132,2,15,'[huangbiao]','2008-06-19 09:52:52'),
  (1104,132,2,14,'[huangbiao][127.0.0.1]','2008-06-19 09:54:11'),
  (1105,132,4,1390,'[huangbiao][NewGroup_01][]','2008-06-19 09:55:56'),
  (1106,132,2,14,'[huangbiao][127.0.0.1]','2008-06-19 09:59:53'),
  (1107,132,4,1390,'[huangbiao][NewGroup_01][]','2008-06-19 10:00:47'),
  (1108,132,2,15,'[huangbiao]','2008-06-19 10:02:19'),
  (1109,132,2,14,'[huangbiao][127.0.0.1]','2008-06-19 10:03:08'),
  (1110,132,4,894,'[huangbiao][liujun_][]','2008-06-19 10:03:39'),
  (1111,132,2,15,'[huangbiao]','2008-06-19 10:04:06'),
  (1112,132,2,14,'[huangbiao][127.0.0.1]','2008-06-19 10:06:50'),
  (1113,132,4,1390,'[huangbiao][NewGroup_01][]','2008-06-19 10:08:04'),
  (1114,132,2,14,'[huangbiao][127.0.0.1]','2008-06-19 10:11:30'),
  (1115,132,4,1390,'[huangbiao][NewGroup_01][]','2008-06-19 10:11:48'),
  (1116,132,4,1158,'[huangbiao][huangbiao_01][]','2008-06-19 10:11:50'),
  (1117,132,4,1368,'[huangbiao][huangbiao_02][]','2008-06-19 10:11:57'),
  (1118,132,2,15,'[huangbiao]','2008-06-19 10:13:23'),
  (1119,132,2,14,'[huangbiao][127.0.0.1]','2008-06-19 10:36:11'),
  (1120,132,2,14,'[huangbiao][127.0.0.1]','2008-06-19 12:40:59'),
  (1121,132,2,14,'[huangbiao][127.0.0.1]','2008-06-19 12:45:14'),
  (1122,132,2,15,'[huangbiao]','2008-06-19 12:55:40'),
  (1123,132,2,14,'[huangbiao][127.0.0.1]','2008-06-19 13:10:39'),
  (1124,132,2,15,'[huangbiao]','2008-06-19 13:47:00'),
  (1125,132,2,14,'[huangbiao][127.0.0.1]','2008-06-19 14:03:37'),
  (1126,132,2,14,'[huangbiao][127.0.0.1]','2008-06-19 14:07:20'),
  (1127,132,2,14,'[huangbiao][127.0.0.1]','2008-06-19 14:09:14'),
  (1128,132,2,14,'[huangbiao][127.0.0.1]','2008-06-19 14:09:49'),
  (1129,132,2,14,'[huangbiao][127.0.0.1]','2008-06-19 14:10:57'),
  (1130,132,2,14,'[huangbiao][127.0.0.1]','2008-06-19 14:14:36'),
  (1131,132,2,14,'[huangbiao][127.0.0.1]','2008-06-19 14:15:40'),
  (1132,132,2,14,'[huangbiao][127.0.0.1]','2008-06-19 14:17:35'),
  (1133,132,2,15,'[huangbiao]','2008-06-19 14:19:00'),
  (1134,132,2,14,'[huangbiao][127.0.0.1]','2008-06-19 14:19:15'),
  (1135,132,2,15,'[huangbiao]','2008-06-19 14:22:40'),
  (1136,132,2,14,'[huangbiao][127.0.0.1]','2008-06-19 14:24:01'),
  (1137,132,2,15,'[huangbiao]','2008-06-19 14:24:22'),
  (1138,132,2,14,'[huangbiao][127.0.0.1]','2008-06-19 14:34:28'),
  (1139,132,2,14,'[huangbiao][127.0.0.1]','2008-06-19 14:35:41'),
  (1140,132,2,15,'[huangbiao]','2008-06-19 14:35:54'),
  (1141,132,2,14,'[huangbiao][127.0.0.1]','2008-06-19 14:36:15'),
  (1142,132,2,14,'[huangbiao][127.0.0.1]','2008-06-19 14:47:55'),
  (1143,132,2,14,'[huangbiao][127.0.0.1]','2008-06-19 14:48:34'),
  (1144,132,2,14,'[huangbiao][127.0.0.1]','2008-06-19 14:57:24'),
  (1145,132,2,14,'[huangbiao][127.0.0.1]','2008-06-19 14:58:31'),
  (1146,132,2,15,'[huangbiao]','2008-06-19 15:02:20'),
  (1147,132,2,14,'[huangbiao][127.0.0.1]','2008-06-19 15:02:24'),
  (1148,132,4,1390,'[huangbiao][NewGroup_01][]','2008-06-19 15:02:46'),
  (1149,132,2,15,'[huangbiao]','2008-06-19 15:03:20');

COMMIT;

#
# Data for the `update_server` table  (LIMIT 0,500)
#

INSERT INTO `update_server` (`ID`, `FTP_ADDRESS`, `PORT`, `USERNAME`, `PASSWORD`, `LITERAL`) VALUES 
  (120,'192.168.22.32',21,'anonymous','b','192.168.22.32');

COMMIT;

#
# Data for the `user` table  (LIMIT 0,500)
#

INSERT INTO `user` (`ID`, `USER_NAME`, `REAL_NAME`, `PASSWORD`) VALUES 
  (6,'blaze','BlazeStudio','2EsWR5BsW9yHtEFKlMrfsw=='),
  (132,'huangbiao','huangbiao','zcqc75/bMAT8IwpYPvP+7w=='),
  (133,'wangzhiguang','wangzhiguang','Y1mvtqsyUWpMfiMkv8APDA=='),
  (134,'douhao','douhao','/q5AsCO22D/rgR5+pBCsGw=='),
  (135,'wangbin','wangbin','qiO0Y1FIvMoy+2EEfCtQ7A=='),
  (136,'liujun','liujun','CR1grTrKe6U0T+wrX3zVGw=='),
  (137,'liyang','liyang','s9befnGKEEci+PTBHdyaPg==');

COMMIT;



/*!40101 SET CHARACTER_SET_CLIENT=@OLD_CHARACTER_SET_CLIENT */;
/*!40101 SET CHARACTER_SET_RESULTS=@OLD_CHARACTER_SET_RESULTS */;
/*!40101 SET COLLATION_CONNECTION=@OLD_COLLATION_CONNECTION */;